No,Fase,Bulan/Sprint Target,Modul,Task Teknis,Kategori,Tabel/Model Terkait (Supabase),Prioritas,Status,Catatan,Prompt (Copy-Paste ke AI Coding Agent)
1,Fase 0 - Pra-Development,Agustus 2026 (Minggu 1-2),Keputusan Bisnis,Konfirmasi nominal resmi Biaya Registrasi (Rp250.000) & fee SPP per program untuk seed data awal,Bisnis,programs,Wajib,Belum Dikerjakan,,"[BUKAN TASK CODING — keputusan bisnis] Konfirmasi nominal resmi Biaya Registrasi (Rp250.000) & fee SPP per program untuk seed data awal
Ini butuh keputusan/jawaban dari pihak terkait (Pemilik/Manajemen Bimbel Grase, Staf Admin Pusat, atau Pengajar/Tutor), bukan sesuatu yang bisa dikerjakan AI coding agent. Diskusikan dulu, catat hasil keputusannya di kolom Catatan, baru task teknis terkait bisa mulai dikerjakan."
2,Fase 0 - Pra-Development,Agustus 2026 (Minggu 1-2),Keputusan Bisnis,"Konfirmasi apakah Guru/Tutor jadi role terpisah dengan akses terbatas, atau tetap disatukan dalam role Admin Pusat",Bisnis,profiles,Wajib,Belum Dikerjakan,,"[BUKAN TASK CODING — keputusan bisnis] Konfirmasi apakah Guru/Tutor jadi role terpisah dengan akses terbatas, atau tetap disatukan dalam role Admin Pusat
Ini butuh keputusan/jawaban dari pihak terkait (Pemilik/Manajemen Bimbel Grase, Staf Admin Pusat, atau Pengajar/Tutor), bukan sesuatu yang bisa dikerjakan AI coding agent. Diskusikan dulu, catat hasil keputusannya di kolom Catatan, baru task teknis terkait bisa mulai dikerjakan."
3,Fase 0 - Pra-Development,Agustus 2026 (Minggu 1-2),Keputusan Bisnis,"Konfirmasi kebijakan Paywall: apakah ada akses parsial (preview modul) saat status 'pending', atau full-lock sampai 'verified'",Bisnis,students,Wajib,Belum Dikerjakan,,"[BUKAN TASK CODING — keputusan bisnis] Konfirmasi kebijakan Paywall: apakah ada akses parsial (preview modul) saat status 'pending', atau full-lock sampai 'verified'
Ini butuh keputusan/jawaban dari pihak terkait (Pemilik/Manajemen Bimbel Grase, Staf Admin Pusat, atau Pengajar/Tutor), bukan sesuatu yang bisa dikerjakan AI coding agent. Diskusikan dulu, catat hasil keputusannya di kolom Catatan, baru task teknis terkait bisa mulai dikerjakan."
4,Fase 0 - Pra-Development,Agustus 2026 (Minggu 1-2),Keputusan Bisnis,Konfirmasi kanal pembayaran resmi (no. rekening BCA & ID/QR QRIS) yang ditampilkan ke orang tua,Bisnis,-,Wajib,Belum Dikerjakan,,"[BUKAN TASK CODING — keputusan bisnis] Konfirmasi kanal pembayaran resmi (no. rekening BCA & ID/QR QRIS) yang ditampilkan ke orang tua
Ini butuh keputusan/jawaban dari pihak terkait (Pemilik/Manajemen Bimbel Grase, Staf Admin Pusat, atau Pengajar/Tutor), bukan sesuatu yang bisa dikerjakan AI coding agent. Diskusikan dulu, catat hasil keputusannya di kolom Catatan, baru task teknis terkait bisa mulai dikerjakan."
5,Fase 0 - Pra-Development,Agustus 2026 (Minggu 1-2),Keputusan Bisnis,"Finalisasi daftar Program/Kelas awal (nama, target usia, tutor, jadwal, fee, deskripsi) untuk seed database",Bisnis,programs,Wajib,Belum Dikerjakan,,"[BUKAN TASK CODING — keputusan bisnis] Finalisasi daftar Program/Kelas awal (nama, target usia, tutor, jadwal, fee, deskripsi) untuk seed database
Ini butuh keputusan/jawaban dari pihak terkait (Pemilik/Manajemen Bimbel Grase, Staf Admin Pusat, atau Pengajar/Tutor), bukan sesuatu yang bisa dikerjakan AI coding agent. Diskusikan dulu, catat hasil keputusannya di kolom Catatan, baru task teknis terkait bisa mulai dikerjakan."
6,Fase 0 - Pra-Development,Agustus 2026 (Minggu 1-2),Keputusan Bisnis,"Konfirmasi kebijakan retensi & akses data sensitif (nomor WA orang tua, foto anak, riwayat bayar) sesuai UU PDP",Bisnis,"profiles, students",Tinggi,Belum Dikerjakan,,"[BUKAN TASK CODING — keputusan bisnis] Konfirmasi kebijakan retensi & akses data sensitif (nomor WA orang tua, foto anak, riwayat bayar) sesuai UU PDP
Ini butuh keputusan/jawaban dari pihak terkait (Pemilik/Manajemen Bimbel Grase, Staf Admin Pusat, atau Pengajar/Tutor), bukan sesuatu yang bisa dikerjakan AI coding agent. Diskusikan dulu, catat hasil keputusannya di kolom Catatan, baru task teknis terkait bisa mulai dikerjakan."
7,Fase 0 - Pra-Development,Agustus 2026 (Minggu 1-2),Keputusan Bisnis,"Konfirmasi threshold predikat huruf A/B/C untuk nilai tugas & kuis (skor berapa batas A, B, C)",Bisnis,grades,Tinggi,Belum Dikerjakan,,"[BUKAN TASK CODING — keputusan bisnis] Konfirmasi threshold predikat huruf A/B/C untuk nilai tugas & kuis (skor berapa batas A, B, C)
Ini butuh keputusan/jawaban dari pihak terkait (Pemilik/Manajemen Bimbel Grase, Staf Admin Pusat, atau Pengajar/Tutor), bukan sesuatu yang bisa dikerjakan AI coding agent. Diskusikan dulu, catat hasil keputusannya di kolom Catatan, baru task teknis terkait bisa mulai dikerjakan."
8,Fase 0 - Pra-Development,Agustus 2026 (Minggu 1-2),Setup Infrastruktur,"Buat project Supabase (Database Postgres, Auth, Storage) untuk environment development",Infra,-,Wajib,Belum Dikerjakan,,"[TASK SETUP/INFRA — sebagian bisa dibantu AI coding agent untuk generate konfigurasi, tapi eksekusi akun/dashboard tetap manual] Buat project Supabase (Database Postgres, Auth, Storage) untuk environment development
Kalau ada bagian yang bisa digenerate lewat script/CLI (mis. `supabase init`, `vercel env pull`, config file), minta AI coding agent buatkan filenya dan tunjukkan hasilnya. Langkah yang murni administratif (klik di dashboard Supabase/Vercel, beli domain, dsb.) tetap dikerjakan sendiri di browser/terminal."
9,Fase 0 - Pra-Development,Agustus 2026 (Minggu 1-2),Setup Infrastruktur,"Setup project Next.js (App Router, TypeScript) + Tailwind CSS dari awal",Infra,-,Wajib,Belum Dikerjakan,,"[TASK SETUP/INFRA — sebagian bisa dibantu AI coding agent untuk generate konfigurasi, tapi eksekusi akun/dashboard tetap manual] Setup project Next.js (App Router, TypeScript) + Tailwind CSS dari awal
Kalau ada bagian yang bisa digenerate lewat script/CLI (mis. `supabase init`, `vercel env pull`, config file), minta AI coding agent buatkan filenya dan tunjukkan hasilnya. Langkah yang murni administratif (klik di dashboard Supabase/Vercel, beli domain, dsb.) tetap dikerjakan sendiri di browser/terminal."
10,Fase 0 - Pra-Development,Agustus 2026 (Minggu 1-2),Setup Infrastruktur,"Install & konfigurasi Supabase client (@supabase/supabase-js, @supabase/ssr) untuk Server Component, Client Component, dan Server Action",Infra,-,Wajib,Belum Dikerjakan,,"[TASK SETUP/INFRA — sebagian bisa dibantu AI coding agent untuk generate konfigurasi, tapi eksekusi akun/dashboard tetap manual] Install & konfigurasi Supabase client (@supabase/supabase-js, @supabase/ssr) untuk Server Component, Client Component, dan Server Action
Kalau ada bagian yang bisa digenerate lewat script/CLI (mis. `supabase init`, `vercel env pull`, config file), minta AI coding agent buatkan filenya dan tunjukkan hasilnya. Langkah yang murni administratif (klik di dashboard Supabase/Vercel, beli domain, dsb.) tetap dikerjakan sendiri di browser/terminal."
11,Fase 0 - Pra-Development,Agustus 2026 (Minggu 1-2),Setup Infrastruktur,Setup Git repository (branching main/staging/dev) dan push ke GitHub,Infra,-,Wajib,Belum Dikerjakan,,"[TASK SETUP/INFRA — sebagian bisa dibantu AI coding agent untuk generate konfigurasi, tapi eksekusi akun/dashboard tetap manual] Setup Git repository (branching main/staging/dev) dan push ke GitHub
Kalau ada bagian yang bisa digenerate lewat script/CLI (mis. `supabase init`, `vercel env pull`, config file), minta AI coding agent buatkan filenya dan tunjukkan hasilnya. Langkah yang murni administratif (klik di dashboard Supabase/Vercel, beli domain, dsb.) tetap dikerjakan sendiri di browser/terminal."
12,Fase 0 - Pra-Development,Agustus 2026 (Minggu 1-2),Setup Infrastruktur,"Hubungkan repo GitHub ke Vercel: Preview Deployment otomatis per branch/PR, Production dari branch main",Infra,-,Wajib,Belum Dikerjakan,,"[TASK SETUP/INFRA — sebagian bisa dibantu AI coding agent untuk generate konfigurasi, tapi eksekusi akun/dashboard tetap manual] Hubungkan repo GitHub ke Vercel: Preview Deployment otomatis per branch/PR, Production dari branch main
Kalau ada bagian yang bisa digenerate lewat script/CLI (mis. `supabase init`, `vercel env pull`, config file), minta AI coding agent buatkan filenya dan tunjukkan hasilnya. Langkah yang murni administratif (klik di dashboard Supabase/Vercel, beli domain, dsb.) tetap dikerjakan sendiri di browser/terminal."
13,Fase 0 - Pra-Development,Agustus 2026 (Minggu 1-2),Setup Infrastruktur,"Konfigurasi environment variables di Vercel (NEXT_PUBLIC_SUPABASE_URL, NEXT_PUBLIC_SUPABASE_ANON_KEY, SUPABASE_SERVICE_ROLE_KEY) terpisah untuk Preview & Production",Infra,-,Wajib,Belum Dikerjakan,,"[TASK SETUP/INFRA — sebagian bisa dibantu AI coding agent untuk generate konfigurasi, tapi eksekusi akun/dashboard tetap manual] Konfigurasi environment variables di Vercel (NEXT_PUBLIC_SUPABASE_URL, NEXT_PUBLIC_SUPABASE_ANON_KEY, SUPABASE_SERVICE_ROLE_KEY) terpisah untuk Preview & Production
Kalau ada bagian yang bisa digenerate lewat script/CLI (mis. `supabase init`, `vercel env pull`, config file), minta AI coding agent buatkan filenya dan tunjukkan hasilnya. Langkah yang murni administratif (klik di dashboard Supabase/Vercel, beli domain, dsb.) tetap dikerjakan sendiri di browser/terminal."
14,Fase 0 - Pra-Development,Agustus 2026 (Minggu 1-2),Setup Infrastruktur,"Buat Supabase Storage buckets: avatars, payment-proofs, modules-pdf, assignment-submissions + kebijakan akses privat/publik per bucket",Infra,-,Wajib,Belum Dikerjakan,,"[TASK SETUP/INFRA — sebagian bisa dibantu AI coding agent untuk generate konfigurasi, tapi eksekusi akun/dashboard tetap manual] Buat Supabase Storage buckets: avatars, payment-proofs, modules-pdf, assignment-submissions + kebijakan akses privat/publik per bucket
Kalau ada bagian yang bisa digenerate lewat script/CLI (mis. `supabase init`, `vercel env pull`, config file), minta AI coding agent buatkan filenya dan tunjukkan hasilnya. Langkah yang murni administratif (klik di dashboard Supabase/Vercel, beli domain, dsb.) tetap dikerjakan sendiri di browser/terminal."
15,Fase 0 - Pra-Development,Agustus 2026 (Minggu 1-2),Setup Infrastruktur,Setup Google Fonts (Quicksand & Nunito Sans) dan Material Symbols Outlined di root layout Next.js,Infra,-,Tinggi,Belum Dikerjakan,,"[TASK SETUP/INFRA — sebagian bisa dibantu AI coding agent untuk generate konfigurasi, tapi eksekusi akun/dashboard tetap manual] Setup Google Fonts (Quicksand & Nunito Sans) dan Material Symbols Outlined di root layout Next.js
Kalau ada bagian yang bisa digenerate lewat script/CLI (mis. `supabase init`, `vercel env pull`, config file), minta AI coding agent buatkan filenya dan tunjukkan hasilnya. Langkah yang murni administratif (klik di dashboard Supabase/Vercel, beli domain, dsb.) tetap dikerjakan sendiri di browser/terminal."
16,Fase 0 - Pra-Development,Agustus 2026 (Minggu 1-2),Setup Infrastruktur,"Konfigurasi Tailwind theme (warna, radius, shadow) sesuai skema Material Design 3 di SDD bagian 7",Infra,-,Tinggi,Belum Dikerjakan,,"[TASK SETUP/INFRA — sebagian bisa dibantu AI coding agent untuk generate konfigurasi, tapi eksekusi akun/dashboard tetap manual] Konfigurasi Tailwind theme (warna, radius, shadow) sesuai skema Material Design 3 di SDD bagian 7
Kalau ada bagian yang bisa digenerate lewat script/CLI (mis. `supabase init`, `vercel env pull`, config file), minta AI coding agent buatkan filenya dan tunjukkan hasilnya. Langkah yang murni administratif (klik di dashboard Supabase/Vercel, beli domain, dsb.) tetap dikerjakan sendiri di browser/terminal."
17,Fase 0 - Pra-Development,Agustus 2026 (Minggu 1-2),Setup Infrastruktur,"Setup ESLint + Prettier + struktur folder konvensi (app/, components/, lib/, types/, supabase/)",Infra,-,Tinggi,Belum Dikerjakan,,"[TASK SETUP/INFRA — sebagian bisa dibantu AI coding agent untuk generate konfigurasi, tapi eksekusi akun/dashboard tetap manual] Setup ESLint + Prettier + struktur folder konvensi (app/, components/, lib/, types/, supabase/)
Kalau ada bagian yang bisa digenerate lewat script/CLI (mis. `supabase init`, `vercel env pull`, config file), minta AI coding agent buatkan filenya dan tunjukkan hasilnya. Langkah yang murni administratif (klik di dashboard Supabase/Vercel, beli domain, dsb.) tetap dikerjakan sendiri di browser/terminal."
18,Fase 0 - Pra-Development,Agustus 2026 (Minggu 1-2),Setup Infrastruktur,"Setup Supabase CLI lokal (supabase init, supabase start) untuk development & migration lokal sebelum push ke cloud",Infra,-,Tinggi,Belum Dikerjakan,,"[TASK SETUP/INFRA — sebagian bisa dibantu AI coding agent untuk generate konfigurasi, tapi eksekusi akun/dashboard tetap manual] Setup Supabase CLI lokal (supabase init, supabase start) untuk development & migration lokal sebelum push ke cloud
Kalau ada bagian yang bisa digenerate lewat script/CLI (mis. `supabase init`, `vercel env pull`, config file), minta AI coding agent buatkan filenya dan tunjukkan hasilnya. Langkah yang murni administratif (klik di dashboard Supabase/Vercel, beli domain, dsb.) tetap dikerjakan sendiri di browser/terminal."
19,Fase 0 - Pra-Development,Agustus 2026 (Minggu 1-2),Setup Infrastruktur,Setup backup otomatis database (Point-in-Time Recovery Supabase) & jadwal snapshot,Infra,-,Menengah,Belum Dikerjakan,,"[TASK SETUP/INFRA — sebagian bisa dibantu AI coding agent untuk generate konfigurasi, tapi eksekusi akun/dashboard tetap manual] Setup backup otomatis database (Point-in-Time Recovery Supabase) & jadwal snapshot
Kalau ada bagian yang bisa digenerate lewat script/CLI (mis. `supabase init`, `vercel env pull`, config file), minta AI coding agent buatkan filenya dan tunjukkan hasilnya. Langkah yang murni administratif (klik di dashboard Supabase/Vercel, beli domain, dsb.) tetap dikerjakan sendiri di browser/terminal."
20,"Fase 1 - Fondasi: Database, Auth & Layout",Agustus 2026 (Minggu 3-4),Autentikasi & Roles,"Migration tabel profiles (id UUID FK ke auth.users, parent_name, parent_phone, role enum 'parent'/'admin'/'tutor')",DB,profiles,Wajib,Belum Dikerjakan,,"Migration tabel profiles (id UUID FK ke auth.users, parent_name, parent_phone, role enum 'parent'/'admin'/'tutor')
Acuan: kolom, tipe data, relasi (foreign key), dan constraint tabel `profiles` harus mengikuti Kamus Data di Software Design Description (SDD) Bimbel Grase (bagian 4.2) — jangan menambah/mengurangi kolom di luar dokumen itu tanpa didiskusikan dulu. Tulis migration SQL di folder `supabase/migrations/`, sertakan Row Level Security (RLS) policy dasar (Orang Tua hanya boleh akses baris miliknya sendiri, Admin Pusat boleh akses semua) di migration yang sama. Jalankan migration ke database Supabase (lokal/staging) dan tunjukkan output terminalnya sebagai bukti tidak ada error."
21,"Fase 1 - Fondasi: Database, Auth & Layout",Agustus 2026 (Minggu 3-4),Data Master,"Migration tabel programs (id, name, target_age, tutor, schedule, fee, description, created_at)",DB,programs,Wajib,Belum Dikerjakan,,"Migration tabel programs (id, name, target_age, tutor, schedule, fee, description, created_at)
Acuan: kolom, tipe data, relasi (foreign key), dan constraint tabel `programs` harus mengikuti Kamus Data di Software Design Description (SDD) Bimbel Grase (bagian 4.2) — jangan menambah/mengurangi kolom di luar dokumen itu tanpa didiskusikan dulu. Tulis migration SQL di folder `supabase/migrations/`, sertakan Row Level Security (RLS) policy dasar (Orang Tua hanya boleh akses baris miliknya sendiri, Admin Pusat boleh akses semua) di migration yang sama. Jalankan migration ke database Supabase (lokal/staging) dan tunjukkan output terminalnya sebagai bukti tidak ada error."
22,"Fase 1 - Fondasi: Database, Auth & Layout",Agustus 2026 (Minggu 3-4),Data Master,"Migration tabel students (id, parent_id FK, student_name, age, program_id FK, payment_status enum 'unpaid'/'pending'/'verified', billing_period, billing_count, receipt_file_path, avatar_url, created_at)",DB,students,Wajib,Belum Dikerjakan,,"Migration tabel students (id, parent_id FK, student_name, age, program_id FK, payment_status enum 'unpaid'/'pending'/'verified', billing_period, billing_count, receipt_file_path, avatar_url, created_at)
Acuan: kolom, tipe data, relasi (foreign key), dan constraint tabel `students` harus mengikuti Kamus Data di Software Design Description (SDD) Bimbel Grase (bagian 4.2) — jangan menambah/mengurangi kolom di luar dokumen itu tanpa didiskusikan dulu. Tulis migration SQL di folder `supabase/migrations/`, sertakan Row Level Security (RLS) policy dasar (Orang Tua hanya boleh akses baris miliknya sendiri, Admin Pusat boleh akses semua) di migration yang sama. Jalankan migration ke database Supabase (lokal/staging) dan tunjukkan output terminalnya sebagai bukti tidak ada error."
23,"Fase 1 - Fondasi: Database, Auth & Layout",Agustus 2026 (Minggu 3-4),Autentikasi & Roles,Setup Row Level Security (RLS) dasar: profiles & students hanya bisa dibaca/diubah oleh pemiliknya sendiri atau role admin,DB,"profiles, students",Wajib,Belum Dikerjakan,,"Setup Row Level Security (RLS) dasar: profiles & students hanya bisa dibaca/diubah oleh pemiliknya sendiri atau role admin
Acuan: kolom, tipe data, relasi (foreign key), dan constraint tabel `profiles, students` harus mengikuti Kamus Data di Software Design Description (SDD) Bimbel Grase (bagian 4.2) — jangan menambah/mengurangi kolom di luar dokumen itu tanpa didiskusikan dulu. Tulis migration SQL di folder `supabase/migrations/`, sertakan Row Level Security (RLS) policy dasar (Orang Tua hanya boleh akses baris miliknya sendiri, Admin Pusat boleh akses semua) di migration yang sama. Jalankan migration ke database Supabase (lokal/staging) dan tunjukkan output terminalnya sebagai bukti tidak ada error."
24,"Fase 1 - Fondasi: Database, Auth & Layout",Agustus 2026 (Minggu 3-4),Data Master,Seed data awal Program/Kelas (dari keputusan bisnis Fase 0 #5) via migration/seed script,DB,programs,Tinggi,Belum Dikerjakan,Bergantung keputusan bisnis #5,"Seed data awal Program/Kelas (dari keputusan bisnis Fase 0 #5) via migration/seed script
Acuan: kolom, tipe data, relasi (foreign key), dan constraint tabel `programs` harus mengikuti Kamus Data di Software Design Description (SDD) Bimbel Grase (bagian 4.2) — jangan menambah/mengurangi kolom di luar dokumen itu tanpa didiskusikan dulu. Tulis migration SQL di folder `supabase/migrations/`, sertakan Row Level Security (RLS) policy dasar (Orang Tua hanya boleh akses baris miliknya sendiri, Admin Pusat boleh akses semua) di migration yang sama. Jalankan migration ke database Supabase (lokal/staging) dan tunjukkan output terminalnya sebagai bukti tidak ada error."
25,"Fase 1 - Fondasi: Database, Auth & Layout",Agustus 2026 (Minggu 3-4),Autentikasi & Roles,Setup Supabase Auth Email/Password + Postgres trigger auto-create baris profiles saat user baru sign up,Backend,profiles,Wajib,Belum Dikerjakan,,"Setup Supabase Auth Email/Password + Postgres trigger auto-create baris profiles saat user baru sign up
Acuan struktur data: tabel/model `profiles` di Supabase sesuai Software Design Description (SDD) Bimbel Grase (bagian 4). Implementasikan sebagai Next.js Server Action atau Route Handler (app/api atau app/**/actions.ts), validasi input pakai Zod, dan pola error handling yang konsisten dengan modul lain yang sudah dibangun di project ini — kalau ini modul pertama, pakai konvensi: Server Action + Zod schema + Supabase client server-side (bukan client-side langsung untuk operasi sensitif). Sambungkan ke data asli dari Supabase, bukan data dummy/mock/in-memory. Setelah selesai, tulis test (Vitest untuk unit, atau Playwright untuk alur end-to-end) mencakup skenario sukses dan skenario gagal/validasi error, jalankan test-nya, dan tunjukkan hasilnya."
26,"Fase 1 - Fondasi: Database, Auth & Layout",Agustus 2026 (Minggu 3-4),Autentikasi & Roles,Middleware Next.js (middleware.ts) untuk proteksi route berdasarkan status login & role (parent vs admin vs tutor),Backend,profiles,Wajib,Belum Dikerjakan,,"Middleware Next.js (middleware.ts) untuk proteksi route berdasarkan status login & role (parent vs admin vs tutor)
Acuan struktur data: tabel/model `profiles` di Supabase sesuai Software Design Description (SDD) Bimbel Grase (bagian 4). Implementasikan sebagai Next.js Server Action atau Route Handler (app/api atau app/**/actions.ts), validasi input pakai Zod, dan pola error handling yang konsisten dengan modul lain yang sudah dibangun di project ini — kalau ini modul pertama, pakai konvensi: Server Action + Zod schema + Supabase client server-side (bukan client-side langsung untuk operasi sensitif). Sambungkan ke data asli dari Supabase, bukan data dummy/mock/in-memory. Setelah selesai, tulis test (Vitest untuk unit, atau Playwright untuk alur end-to-end) mencakup skenario sukses dan skenario gagal/validasi error, jalankan test-nya, dan tunjukkan hasilnya."
27,"Fase 1 - Fondasi: Database, Auth & Layout",Agustus 2026 (Minggu 3-4),Autentikasi & Roles,Server action/util evaluasi role & redirect otomatis ke dashboard sesuai peran (mirip FR-AUTH-002),Backend,profiles,Wajib,Belum Dikerjakan,,"Server action/util evaluasi role & redirect otomatis ke dashboard sesuai peran (mirip FR-AUTH-002)
Acuan struktur data: tabel/model `profiles` di Supabase sesuai Software Design Description (SDD) Bimbel Grase (bagian 4). Implementasikan sebagai Next.js Server Action atau Route Handler (app/api atau app/**/actions.ts), validasi input pakai Zod, dan pola error handling yang konsisten dengan modul lain yang sudah dibangun di project ini — kalau ini modul pertama, pakai konvensi: Server Action + Zod schema + Supabase client server-side (bukan client-side langsung untuk operasi sensitif). Sambungkan ke data asli dari Supabase, bukan data dummy/mock/in-memory. Setelah selesai, tulis test (Vitest untuk unit, atau Playwright untuk alur end-to-end) mencakup skenario sukses dan skenario gagal/validasi error, jalankan test-nya, dan tunjukkan hasilnya."
28,"Fase 1 - Fondasi: Database, Auth & Layout",Agustus 2026 (Minggu 3-4),Autentikasi & Roles,Implementasi lupa password / reset password via Supabase Auth (magic link/email),Backend,profiles,Tinggi,Belum Dikerjakan,,"Implementasi lupa password / reset password via Supabase Auth (magic link/email)
Acuan struktur data: tabel/model `profiles` di Supabase sesuai Software Design Description (SDD) Bimbel Grase (bagian 4). Implementasikan sebagai Next.js Server Action atau Route Handler (app/api atau app/**/actions.ts), validasi input pakai Zod, dan pola error handling yang konsisten dengan modul lain yang sudah dibangun di project ini — kalau ini modul pertama, pakai konvensi: Server Action + Zod schema + Supabase client server-side (bukan client-side langsung untuk operasi sensitif). Sambungkan ke data asli dari Supabase, bukan data dummy/mock/in-memory. Setelah selesai, tulis test (Vitest untuk unit, atau Playwright untuk alur end-to-end) mencakup skenario sukses dan skenario gagal/validasi error, jalankan test-nya, dan tunjukkan hasilnya."
29,"Fase 1 - Fondasi: Database, Auth & Layout",Agustus 2026 (Minggu 3-4),Landing & Auth UI,"Bangun Landing Page dari markup prototype (hero section, katalog program renderLandingPrograms, CTA daftar/login)",UI,programs,Wajib,Belum Dikerjakan,Bagian: Landing Page,"Bangun Landing Page dari markup prototype (hero section, katalog program renderLandingPrograms, CTA daftar/login)
Acuan tampilan & alur: tiru layout, komponen, dan interaksi yang sudah ada di prototype @prototype.html (bagian terkait: Landing & Auth UI) — jangan desain ulang dari nol. Gunakan Next.js App Router (React Server Components untuk fetch data + Client Component untuk interaktivitas), styling Tailwind CSS. Warna, tipografi (Quicksand untuk judul, Nunito Sans untuk bodi/form), dan ikon (Material Symbols Outlined) ikuti Software Design Description (SDD) Bimbel Grase bagian 7 (Primary #006a6a, Secondary #feb700/#7c5800, Surface #f4fbfa, Error #ba1a1a, Success #059669). Sambungkan ke data asli dari tabel `programs` di Supabase, bukan data dummy/hardcode. Setelah selesai, ambil screenshot hasilnya, bandingkan dengan tampilan prototype yang sama, dan sebutkan perbedaannya kalau ada."
30,"Fase 1 - Fondasi: Database, Auth & Layout",Agustus 2026 (Minggu 3-4),Landing & Auth UI,"Bangun halaman Login (email/password) dari markup prototype (handleLoginSubmit), styling Quicksand/Nunito Sans",UI,profiles,Wajib,Belum Dikerjakan,Bagian: Login View,"Bangun halaman Login (email/password) dari markup prototype (handleLoginSubmit), styling Quicksand/Nunito Sans
Acuan tampilan & alur: tiru layout, komponen, dan interaksi yang sudah ada di prototype @prototype.html (bagian terkait: Landing & Auth UI) — jangan desain ulang dari nol. Gunakan Next.js App Router (React Server Components untuk fetch data + Client Component untuk interaktivitas), styling Tailwind CSS. Warna, tipografi (Quicksand untuk judul, Nunito Sans untuk bodi/form), dan ikon (Material Symbols Outlined) ikuti Software Design Description (SDD) Bimbel Grase bagian 7 (Primary #006a6a, Secondary #feb700/#7c5800, Surface #f4fbfa, Error #ba1a1a, Success #059669). Sambungkan ke data asli dari tabel `profiles` di Supabase, bukan data dummy/hardcode. Setelah selesai, ambil screenshot hasilnya, bandingkan dengan tampilan prototype yang sama, dan sebutkan perbedaannya kalau ada."
31,"Fase 1 - Fondasi: Database, Auth & Layout",Agustus 2026 (Minggu 3-4),Landing & Auth UI,"Bangun tombol Quick Demo Access (loginAsParentDirectly/loginAsAdminDirectly) — aktif hanya di environment staging/demo, dimatikan di production",UI,profiles,Menengah,Belum Dikerjakan,Bagian: Quick Demo Access,"Bangun tombol Quick Demo Access (loginAsParentDirectly/loginAsAdminDirectly) — aktif hanya di environment staging/demo, dimatikan di production
Acuan tampilan & alur: tiru layout, komponen, dan interaksi yang sudah ada di prototype @prototype.html (bagian terkait: Landing & Auth UI) — jangan desain ulang dari nol. Gunakan Next.js App Router (React Server Components untuk fetch data + Client Component untuk interaktivitas), styling Tailwind CSS. Warna, tipografi (Quicksand untuk judul, Nunito Sans untuk bodi/form), dan ikon (Material Symbols Outlined) ikuti Software Design Description (SDD) Bimbel Grase bagian 7 (Primary #006a6a, Secondary #feb700/#7c5800, Surface #f4fbfa, Error #ba1a1a, Success #059669). Sambungkan ke data asli dari tabel `profiles` di Supabase, bukan data dummy/hardcode. Setelah selesai, ambil screenshot hasilnya, bandingkan dengan tampilan prototype yang sama, dan sebutkan perbedaannya kalau ada."
32,"Fase 1 - Fondasi: Database, Auth & Layout",Agustus 2026 (Minggu 3-4),Layout & Navigasi,"Bangun layout utama aplikasi (Header + Navigation Bar + Bottom Navigation mobile) sesuai prototype (switchView, toggleAdminSidebarMobile)",UI,-,Wajib,Belum Dikerjakan,Bagian: Header Navigation Bar,"Bangun layout utama aplikasi (Header + Navigation Bar + Bottom Navigation mobile) sesuai prototype (switchView, toggleAdminSidebarMobile)
Acuan tampilan & alur: tiru layout, komponen, dan interaksi yang sudah ada di prototype @prototype.html (bagian terkait: Layout & Navigasi) — jangan desain ulang dari nol. Gunakan Next.js App Router (React Server Components untuk fetch data + Client Component untuk interaktivitas), styling Tailwind CSS. Warna, tipografi (Quicksand untuk judul, Nunito Sans untuk bodi/form), dan ikon (Material Symbols Outlined) ikuti Software Design Description (SDD) Bimbel Grase bagian 7 (Primary #006a6a, Secondary #feb700/#7c5800, Surface #f4fbfa, Error #ba1a1a, Success #059669). Sambungkan ke data asli dari tabel `-` di Supabase, bukan data dummy/hardcode. Setelah selesai, ambil screenshot hasilnya, bandingkan dengan tampilan prototype yang sama, dan sebutkan perbedaannya kalau ada."
33,"Fase 1 - Fondasi: Database, Auth & Layout",Agustus 2026 (Minggu 3-4),Layout & Navigasi,"Bangun komponen Toast Notification global (showToast) — floating, pojok kanan atas, reusable di seluruh aplikasi",UI,-,Tinggi,Belum Dikerjakan,Bagian: Toast Notification Banner,"Bangun komponen Toast Notification global (showToast) — floating, pojok kanan atas, reusable di seluruh aplikasi
Acuan tampilan & alur: tiru layout, komponen, dan interaksi yang sudah ada di prototype @prototype.html (bagian terkait: Layout & Navigasi) — jangan desain ulang dari nol. Gunakan Next.js App Router (React Server Components untuk fetch data + Client Component untuk interaktivitas), styling Tailwind CSS. Warna, tipografi (Quicksand untuk judul, Nunito Sans untuk bodi/form), dan ikon (Material Symbols Outlined) ikuti Software Design Description (SDD) Bimbel Grase bagian 7 (Primary #006a6a, Secondary #feb700/#7c5800, Surface #f4fbfa, Error #ba1a1a, Success #059669). Sambungkan ke data asli dari tabel `-` di Supabase, bukan data dummy/hardcode. Setelah selesai, ambil screenshot hasilnya, bandingkan dengan tampilan prototype yang sama, dan sebutkan perbedaannya kalau ada."
34,"Fase 1 - Fondasi: Database, Auth & Layout",Agustus 2026 (Minggu 3-4),Layout & Navigasi,Bangun komponen toggle mode Admin/Orang Tua untuk kebutuhan staf yang merangkap 2 role (toggleAdminUserMode),UI,profiles,Menengah,Belum Dikerjakan,,"Bangun komponen toggle mode Admin/Orang Tua untuk kebutuhan staf yang merangkap 2 role (toggleAdminUserMode)
Acuan tampilan & alur: tiru layout, komponen, dan interaksi yang sudah ada di prototype @prototype.html (bagian terkait: Layout & Navigasi) — jangan desain ulang dari nol. Gunakan Next.js App Router (React Server Components untuk fetch data + Client Component untuk interaktivitas), styling Tailwind CSS. Warna, tipografi (Quicksand untuk judul, Nunito Sans untuk bodi/form), dan ikon (Material Symbols Outlined) ikuti Software Design Description (SDD) Bimbel Grase bagian 7 (Primary #006a6a, Secondary #feb700/#7c5800, Surface #f4fbfa, Error #ba1a1a, Success #059669). Sambungkan ke data asli dari tabel `profiles` di Supabase, bukan data dummy/hardcode. Setelah selesai, ambil screenshot hasilnya, bandingkan dengan tampilan prototype yang sama, dan sebutkan perbedaannya kalau ada."
35,"Fase 1 - Fondasi: Database, Auth & Layout",Agustus 2026 (Minggu 3-4),Testing,"Test: alur login sukses, login gagal (kredensial salah), dan redirect sesuai role",Testing,profiles,Tinggi,Belum Dikerjakan,,"Test: alur login sukses, login gagal (kredensial salah), dan redirect sesuai role
Cakup skenario sukses DAN skenario gagal/edge case (validasi error, data kosong, angka negatif/nol, unauthorized access, dsb.) untuk `profiles`. Tulis test dengan Vitest (unit/integration) dan/atau Playwright (E2E) sesuai konteksnya, jalankan test-nya, dan tunjukkan hasilnya — semua test harus lulus sebelum task ini dianggap selesai."
36,"Fase 1 - Fondasi: Database, Auth & Layout",Agustus 2026 (Minggu 3-4),Testing,Test: RLS memastikan user A tidak bisa query/mutasi data siswa milik user B,Testing,students,Wajib,Belum Dikerjakan,,"Test: RLS memastikan user A tidak bisa query/mutasi data siswa milik user B
Cakup skenario sukses DAN skenario gagal/edge case (validasi error, data kosong, angka negatif/nol, unauthorized access, dsb.) untuk `students`. Tulis test dengan Vitest (unit/integration) dan/atau Playwright (E2E) sesuai konteksnya, jalankan test-nya, dan tunjukkan hasilnya — semua test harus lulus sebelum task ini dianggap selesai."
37,Fase 2 - Portal Orang Tua & Pendaftaran,September 2026 (Minggu 1-2),Pendaftaran Siswa Baru,Server action handleRegistrationSubmit: buat akun orang tua + insert 1..N baris students dalam satu transaksi (Supabase RPC/transaction),Backend,"profiles, students",Wajib,Belum Dikerjakan,,"Server action handleRegistrationSubmit: buat akun orang tua + insert 1..N baris students dalam satu transaksi (Supabase RPC/transaction)
Acuan struktur data: tabel/model `profiles, students` di Supabase sesuai Software Design Description (SDD) Bimbel Grase (bagian 4). Implementasikan sebagai Next.js Server Action atau Route Handler (app/api atau app/**/actions.ts), validasi input pakai Zod, dan pola error handling yang konsisten dengan modul lain yang sudah dibangun di project ini — kalau ini modul pertama, pakai konvensi: Server Action + Zod schema + Supabase client server-side (bukan client-side langsung untuk operasi sensitif). Sambungkan ke data asli dari Supabase, bukan data dummy/mock/in-memory. Setelah selesai, tulis test (Vitest untuk unit, atau Playwright untuk alur end-to-end) mencakup skenario sukses dan skenario gagal/validasi error, jalankan test-nya, dan tunjukkan hasilnya."
38,Fase 2 - Portal Orang Tua & Pendaftaran,September 2026 (Minggu 1-2),Pendaftaran Siswa Baru,Logic hitung tagihan awal otomatis per anak: Total = Biaya Registrasi (bulan pertama saja) + Fee Program (FR-PAY-001),Backend,"students, programs",Wajib,Belum Dikerjakan,,"Logic hitung tagihan awal otomatis per anak: Total = Biaya Registrasi (bulan pertama saja) + Fee Program (FR-PAY-001)
Acuan struktur data: tabel/model `students, programs` di Supabase sesuai Software Design Description (SDD) Bimbel Grase (bagian 4). Implementasikan sebagai Next.js Server Action atau Route Handler (app/api atau app/**/actions.ts), validasi input pakai Zod, dan pola error handling yang konsisten dengan modul lain yang sudah dibangun di project ini — kalau ini modul pertama, pakai konvensi: Server Action + Zod schema + Supabase client server-side (bukan client-side langsung untuk operasi sensitif). Sambungkan ke data asli dari Supabase, bukan data dummy/mock/in-memory. Setelah selesai, tulis test (Vitest untuk unit, atau Playwright untuk alur end-to-end) mencakup skenario sukses dan skenario gagal/validasi error, jalankan test-nya, dan tunjukkan hasilnya."
39,Fase 2 - Portal Orang Tua & Pendaftaran,September 2026 (Minggu 1-2),Pendaftaran Siswa Baru,"Bangun Form Pendaftaran Online dinamis — tambah/hapus kartu data anak ke-2, ke-3, dst (addRegChildCard/removeRegChildCard/renderRegChildrenCards)",UI,students,Wajib,Belum Dikerjakan,Bagian: Registration View,"Bangun Form Pendaftaran Online dinamis — tambah/hapus kartu data anak ke-2, ke-3, dst (addRegChildCard/removeRegChildCard/renderRegChildrenCards)
Acuan tampilan & alur: tiru layout, komponen, dan interaksi yang sudah ada di prototype @prototype.html (bagian terkait: Pendaftaran Siswa Baru) — jangan desain ulang dari nol. Gunakan Next.js App Router (React Server Components untuk fetch data + Client Component untuk interaktivitas), styling Tailwind CSS. Warna, tipografi (Quicksand untuk judul, Nunito Sans untuk bodi/form), dan ikon (Material Symbols Outlined) ikuti Software Design Description (SDD) Bimbel Grase bagian 7 (Primary #006a6a, Secondary #feb700/#7c5800, Surface #f4fbfa, Error #ba1a1a, Success #059669). Sambungkan ke data asli dari tabel `students` di Supabase, bukan data dummy/hardcode. Setelah selesai, ambil screenshot hasilnya, bandingkan dengan tampilan prototype yang sama, dan sebutkan perbedaannya kalau ada."
40,Fase 2 - Portal Orang Tua & Pendaftaran,September 2026 (Minggu 1-2),Pendaftaran Siswa Baru,"Validasi form pendaftaran (client-side) dengan react-hook-form + Zod: field wajib, format nomor WA, tipe data usia",UI,students,Wajib,Belum Dikerjakan,,"Validasi form pendaftaran (client-side) dengan react-hook-form + Zod: field wajib, format nomor WA, tipe data usia
Acuan tampilan & alur: tiru layout, komponen, dan interaksi yang sudah ada di prototype @prototype.html (bagian terkait: Pendaftaran Siswa Baru) — jangan desain ulang dari nol. Gunakan Next.js App Router (React Server Components untuk fetch data + Client Component untuk interaktivitas), styling Tailwind CSS. Warna, tipografi (Quicksand untuk judul, Nunito Sans untuk bodi/form), dan ikon (Material Symbols Outlined) ikuti Software Design Description (SDD) Bimbel Grase bagian 7 (Primary #006a6a, Secondary #feb700/#7c5800, Surface #f4fbfa, Error #ba1a1a, Success #059669). Sambungkan ke data asli dari tabel `students` di Supabase, bukan data dummy/hardcode. Setelah selesai, ambil screenshot hasilnya, bandingkan dengan tampilan prototype yang sama, dan sebutkan perbedaannya kalau ada."
41,Fase 2 - Portal Orang Tua & Pendaftaran,September 2026 (Minggu 1-2),Pendaftaran Siswa Baru,Redirect otomatis ke halaman Payment (breakdown tagihan) setelah form pendaftaran berhasil dikirim (FR-REG-003),Backend,students,Tinggi,Belum Dikerjakan,,"Redirect otomatis ke halaman Payment (breakdown tagihan) setelah form pendaftaran berhasil dikirim (FR-REG-003)
Acuan struktur data: tabel/model `students` di Supabase sesuai Software Design Description (SDD) Bimbel Grase (bagian 4). Implementasikan sebagai Next.js Server Action atau Route Handler (app/api atau app/**/actions.ts), validasi input pakai Zod, dan pola error handling yang konsisten dengan modul lain yang sudah dibangun di project ini — kalau ini modul pertama, pakai konvensi: Server Action + Zod schema + Supabase client server-side (bukan client-side langsung untuk operasi sensitif). Sambungkan ke data asli dari Supabase, bukan data dummy/mock/in-memory. Setelah selesai, tulis test (Vitest untuk unit, atau Playwright untuk alur end-to-end) mencakup skenario sukses dan skenario gagal/validasi error, jalankan test-nya, dan tunjukkan hasilnya."
42,Fase 2 - Portal Orang Tua & Pendaftaran,September 2026 (Minggu 1-2),Portal Orang Tua,Server action selectActiveChild: simpan index/ID anak aktif ke session/cookie untuk Child Switcher,Backend,students,Wajib,Belum Dikerjakan,,"Server action selectActiveChild: simpan index/ID anak aktif ke session/cookie untuk Child Switcher
Acuan struktur data: tabel/model `students` di Supabase sesuai Software Design Description (SDD) Bimbel Grase (bagian 4). Implementasikan sebagai Next.js Server Action atau Route Handler (app/api atau app/**/actions.ts), validasi input pakai Zod, dan pola error handling yang konsisten dengan modul lain yang sudah dibangun di project ini — kalau ini modul pertama, pakai konvensi: Server Action + Zod schema + Supabase client server-side (bukan client-side langsung untuk operasi sensitif). Sambungkan ke data asli dari Supabase, bukan data dummy/mock/in-memory. Setelah selesai, tulis test (Vitest untuk unit, atau Playwright untuk alur end-to-end) mencakup skenario sukses dan skenario gagal/validasi error, jalankan test-nya, dan tunjukkan hasilnya."
43,Fase 2 - Portal Orang Tua & Pendaftaran,September 2026 (Minggu 1-2),Portal Orang Tua,"Bangun Parent Dashboard dari markup prototype: ringkasan status per anak, jadwal, tagihan (renderChildrenCards)",UI,"students, programs",Wajib,Belum Dikerjakan,Bagian: Parent Dashboard,"Bangun Parent Dashboard dari markup prototype: ringkasan status per anak, jadwal, tagihan (renderChildrenCards)
Acuan tampilan & alur: tiru layout, komponen, dan interaksi yang sudah ada di prototype @prototype.html (bagian terkait: Portal Orang Tua) — jangan desain ulang dari nol. Gunakan Next.js App Router (React Server Components untuk fetch data + Client Component untuk interaktivitas), styling Tailwind CSS. Warna, tipografi (Quicksand untuk judul, Nunito Sans untuk bodi/form), dan ikon (Material Symbols Outlined) ikuti Software Design Description (SDD) Bimbel Grase bagian 7 (Primary #006a6a, Secondary #feb700/#7c5800, Surface #f4fbfa, Error #ba1a1a, Success #059669). Sambungkan ke data asli dari tabel `students, programs` di Supabase, bukan data dummy/hardcode. Setelah selesai, ambil screenshot hasilnya, bandingkan dengan tampilan prototype yang sama, dan sebutkan perbedaannya kalau ada."
44,Fase 2 - Portal Orang Tua & Pendaftaran,September 2026 (Minggu 1-2),Portal Orang Tua,Bangun komponen Child Switcher (dropdown/tab ganti profil anak aktif dalam 1 akun orang tua),UI,students,Wajib,Belum Dikerjakan,Bagian: Child Switcher,"Bangun komponen Child Switcher (dropdown/tab ganti profil anak aktif dalam 1 akun orang tua)
Acuan tampilan & alur: tiru layout, komponen, dan interaksi yang sudah ada di prototype @prototype.html (bagian terkait: Portal Orang Tua) — jangan desain ulang dari nol. Gunakan Next.js App Router (React Server Components untuk fetch data + Client Component untuk interaktivitas), styling Tailwind CSS. Warna, tipografi (Quicksand untuk judul, Nunito Sans untuk bodi/form), dan ikon (Material Symbols Outlined) ikuti Software Design Description (SDD) Bimbel Grase bagian 7 (Primary #006a6a, Secondary #feb700/#7c5800, Surface #f4fbfa, Error #ba1a1a, Success #059669). Sambungkan ke data asli dari tabel `students` di Supabase, bukan data dummy/hardcode. Setelah selesai, ambil screenshot hasilnya, bandingkan dengan tampilan prototype yang sama, dan sebutkan perbedaannya kalau ada."
45,Fase 2 - Portal Orang Tua & Pendaftaran,September 2026 (Minggu 1-2),Portal Orang Tua,"Server action tambah profil anak baru dari dalam dashboard (openAddChildModal/handleAddNewChild), termasuk hitung tagihan awal anak baru",Backend,students,Tinggi,Belum Dikerjakan,,"Server action tambah profil anak baru dari dalam dashboard (openAddChildModal/handleAddNewChild), termasuk hitung tagihan awal anak baru
Acuan struktur data: tabel/model `students` di Supabase sesuai Software Design Description (SDD) Bimbel Grase (bagian 4). Implementasikan sebagai Next.js Server Action atau Route Handler (app/api atau app/**/actions.ts), validasi input pakai Zod, dan pola error handling yang konsisten dengan modul lain yang sudah dibangun di project ini — kalau ini modul pertama, pakai konvensi: Server Action + Zod schema + Supabase client server-side (bukan client-side langsung untuk operasi sensitif). Sambungkan ke data asli dari Supabase, bukan data dummy/mock/in-memory. Setelah selesai, tulis test (Vitest untuk unit, atau Playwright untuk alur end-to-end) mencakup skenario sukses dan skenario gagal/validasi error, jalankan test-nya, dan tunjukkan hasilnya."
46,Fase 2 - Portal Orang Tua & Pendaftaran,September 2026 (Minggu 1-2),Portal Orang Tua,Server action upload & update foto profil anak ke Supabase Storage bucket avatars (handlePhotoUpload/handleEditChildPhotoSubmit),Backend,students,Tinggi,Belum Dikerjakan,,"Server action upload & update foto profil anak ke Supabase Storage bucket avatars (handlePhotoUpload/handleEditChildPhotoSubmit)
Acuan struktur data: tabel/model `students` di Supabase sesuai Software Design Description (SDD) Bimbel Grase (bagian 4). Implementasikan sebagai Next.js Server Action atau Route Handler (app/api atau app/**/actions.ts), validasi input pakai Zod, dan pola error handling yang konsisten dengan modul lain yang sudah dibangun di project ini — kalau ini modul pertama, pakai konvensi: Server Action + Zod schema + Supabase client server-side (bukan client-side langsung untuk operasi sensitif). Sambungkan ke data asli dari Supabase, bukan data dummy/mock/in-memory. Setelah selesai, tulis test (Vitest untuk unit, atau Playwright untuk alur end-to-end) mencakup skenario sukses dan skenario gagal/validasi error, jalankan test-nya, dan tunjukkan hasilnya."
47,Fase 2 - Portal Orang Tua & Pendaftaran,September 2026 (Minggu 1-2),Portal Orang Tua,Bangun Modal Edit Foto Anak dengan pratinjau gambar langsung (live preview) sebelum submit,UI,students,Tinggi,Belum Dikerjakan,Bagian: Avatar & Edit Foto Button Column,"Bangun Modal Edit Foto Anak dengan pratinjau gambar langsung (live preview) sebelum submit
Acuan tampilan & alur: tiru layout, komponen, dan interaksi yang sudah ada di prototype @prototype.html (bagian terkait: Portal Orang Tua) — jangan desain ulang dari nol. Gunakan Next.js App Router (React Server Components untuk fetch data + Client Component untuk interaktivitas), styling Tailwind CSS. Warna, tipografi (Quicksand untuk judul, Nunito Sans untuk bodi/form), dan ikon (Material Symbols Outlined) ikuti Software Design Description (SDD) Bimbel Grase bagian 7 (Primary #006a6a, Secondary #feb700/#7c5800, Surface #f4fbfa, Error #ba1a1a, Success #059669). Sambungkan ke data asli dari tabel `students` di Supabase, bukan data dummy/hardcode. Setelah selesai, ambil screenshot hasilnya, bandingkan dengan tampilan prototype yang sama, dan sebutkan perbedaannya kalau ada."
48,Fase 2 - Portal Orang Tua & Pendaftaran,September 2026 (Minggu 1-2),Portal Orang Tua,"Validasi server-side tipe & ukuran file foto (JPG/PNG, maks. sesuai kebijakan) sebelum upload ke Storage",Backend,students,Tinggi,Belum Dikerjakan,,"Validasi server-side tipe & ukuran file foto (JPG/PNG, maks. sesuai kebijakan) sebelum upload ke Storage
Acuan struktur data: tabel/model `students` di Supabase sesuai Software Design Description (SDD) Bimbel Grase (bagian 4). Implementasikan sebagai Next.js Server Action atau Route Handler (app/api atau app/**/actions.ts), validasi input pakai Zod, dan pola error handling yang konsisten dengan modul lain yang sudah dibangun di project ini — kalau ini modul pertama, pakai konvensi: Server Action + Zod schema + Supabase client server-side (bukan client-side langsung untuk operasi sensitif). Sambungkan ke data asli dari Supabase, bukan data dummy/mock/in-memory. Setelah selesai, tulis test (Vitest untuk unit, atau Playwright untuk alur end-to-end) mencakup skenario sukses dan skenario gagal/validasi error, jalankan test-nya, dan tunjukkan hasilnya."
49,Fase 2 - Portal Orang Tua & Pendaftaran,September 2026 (Minggu 1-2),Testing,"Test: pendaftaran multi-anak (1, 2, 3+ anak) dalam satu kali submit, akun orang tua hanya dibuat sekali",Testing,"profiles, students",Wajib,Belum Dikerjakan,,"Test: pendaftaran multi-anak (1, 2, 3+ anak) dalam satu kali submit, akun orang tua hanya dibuat sekali
Cakup skenario sukses DAN skenario gagal/edge case (validasi error, data kosong, angka negatif/nol, unauthorized access, dsb.) untuk `profiles, students`. Tulis test dengan Vitest (unit/integration) dan/atau Playwright (E2E) sesuai konteksnya, jalankan test-nya, dan tunjukkan hasilnya — semua test harus lulus sebelum task ini dianggap selesai."
50,Fase 2 - Portal Orang Tua & Pendaftaran,September 2026 (Minggu 1-2),Testing,"Test: tagihan awal terhitung benar per anak sesuai fee program masing-masing, biaya registrasi hanya sekali per anak",Testing,"students, programs",Wajib,Belum Dikerjakan,,"Test: tagihan awal terhitung benar per anak sesuai fee program masing-masing, biaya registrasi hanya sekali per anak
Cakup skenario sukses DAN skenario gagal/edge case (validasi error, data kosong, angka negatif/nol, unauthorized access, dsb.) untuk `students, programs`. Tulis test dengan Vitest (unit/integration) dan/atau Playwright (E2E) sesuai konteksnya, jalankan test-nya, dan tunjukkan hasilnya — semua test harus lulus sebelum task ini dianggap selesai."
51,Fase 2 - Portal Orang Tua & Pendaftaran,September 2026 (Minggu 1-2),Testing,"Test: Child Switcher — data yang ditampilkan (tagihan, LMS, nilai) selalu mengikuti anak yang sedang aktif",Testing,students,Tinggi,Belum Dikerjakan,,"Test: Child Switcher — data yang ditampilkan (tagihan, LMS, nilai) selalu mengikuti anak yang sedang aktif
Cakup skenario sukses DAN skenario gagal/edge case (validasi error, data kosong, angka negatif/nol, unauthorized access, dsb.) untuk `students`. Tulis test dengan Vitest (unit/integration) dan/atau Playwright (E2E) sesuai konteksnya, jalankan test-nya, dan tunjukkan hasilnya — semua test harus lulus sebelum task ini dianggap selesai."
52,Fase 3 - Pembayaran SPP & Paywall,September 2026 (Minggu 3-4),Manajemen Tagihan,Logic renderPaymentInteractionArea: tentukan tampilan & aksi yang tersedia sesuai payment_status (unpaid/pending/verified),Backend,students,Wajib,Belum Dikerjakan,,"Logic renderPaymentInteractionArea: tentukan tampilan & aksi yang tersedia sesuai payment_status (unpaid/pending/verified)
Acuan struktur data: tabel/model `students` di Supabase sesuai Software Design Description (SDD) Bimbel Grase (bagian 4). Implementasikan sebagai Next.js Server Action atau Route Handler (app/api atau app/**/actions.ts), validasi input pakai Zod, dan pola error handling yang konsisten dengan modul lain yang sudah dibangun di project ini — kalau ini modul pertama, pakai konvensi: Server Action + Zod schema + Supabase client server-side (bukan client-side langsung untuk operasi sensitif). Sambungkan ke data asli dari Supabase, bukan data dummy/mock/in-memory. Setelah selesai, tulis test (Vitest untuk unit, atau Playwright untuk alur end-to-end) mencakup skenario sukses dan skenario gagal/validasi error, jalankan test-nya, dan tunjukkan hasilnya."
53,Fase 3 - Pembayaran SPP & Paywall,September 2026 (Minggu 3-4),Manajemen Tagihan,Server action submitPaymentProof: upload bukti transfer ke Storage bucket payment-proofs + set payment_status = 'pending',Backend,students,Wajib,Belum Dikerjakan,,"Server action submitPaymentProof: upload bukti transfer ke Storage bucket payment-proofs + set payment_status = 'pending'
Acuan struktur data: tabel/model `students` di Supabase sesuai Software Design Description (SDD) Bimbel Grase (bagian 4). Implementasikan sebagai Next.js Server Action atau Route Handler (app/api atau app/**/actions.ts), validasi input pakai Zod, dan pola error handling yang konsisten dengan modul lain yang sudah dibangun di project ini — kalau ini modul pertama, pakai konvensi: Server Action + Zod schema + Supabase client server-side (bukan client-side langsung untuk operasi sensitif). Sambungkan ke data asli dari Supabase, bukan data dummy/mock/in-memory. Setelah selesai, tulis test (Vitest untuk unit, atau Playwright untuk alur end-to-end) mencakup skenario sukses dan skenario gagal/validasi error, jalankan test-nya, dan tunjukkan hasilnya."
54,Fase 3 - Pembayaran SPP & Paywall,September 2026 (Minggu 3-4),Manajemen Tagihan,Bangun halaman Payment — pilih metode pembayaran Bank Transfer BCA / QRIS (selectPaymentMethod) dari markup prototype,UI,students,Wajib,Belum Dikerjakan,Bagian: Payment View,"Bangun halaman Payment — pilih metode pembayaran Bank Transfer BCA / QRIS (selectPaymentMethod) dari markup prototype
Acuan tampilan & alur: tiru layout, komponen, dan interaksi yang sudah ada di prototype @prototype.html (bagian terkait: Manajemen Tagihan) — jangan desain ulang dari nol. Gunakan Next.js App Router (React Server Components untuk fetch data + Client Component untuk interaktivitas), styling Tailwind CSS. Warna, tipografi (Quicksand untuk judul, Nunito Sans untuk bodi/form), dan ikon (Material Symbols Outlined) ikuti Software Design Description (SDD) Bimbel Grase bagian 7 (Primary #006a6a, Secondary #feb700/#7c5800, Surface #f4fbfa, Error #ba1a1a, Success #059669). Sambungkan ke data asli dari tabel `students` di Supabase, bukan data dummy/hardcode. Setelah selesai, ambil screenshot hasilnya, bandingkan dengan tampilan prototype yang sama, dan sebutkan perbedaannya kalau ada."
55,Fase 3 - Pembayaran SPP & Paywall,September 2026 (Minggu 3-4),Manajemen Tagihan,Bangun komponen upload bukti bayar (JPG/PNG/PDF) dengan validasi tipe & ukuran file (payFileSelected/handlePaymentFileUpload),UI,students,Wajib,Belum Dikerjakan,,"Bangun komponen upload bukti bayar (JPG/PNG/PDF) dengan validasi tipe & ukuran file (payFileSelected/handlePaymentFileUpload)
Acuan tampilan & alur: tiru layout, komponen, dan interaksi yang sudah ada di prototype @prototype.html (bagian terkait: Manajemen Tagihan) — jangan desain ulang dari nol. Gunakan Next.js App Router (React Server Components untuk fetch data + Client Component untuk interaktivitas), styling Tailwind CSS. Warna, tipografi (Quicksand untuk judul, Nunito Sans untuk bodi/form), dan ikon (Material Symbols Outlined) ikuti Software Design Description (SDD) Bimbel Grase bagian 7 (Primary #006a6a, Secondary #feb700/#7c5800, Surface #f4fbfa, Error #ba1a1a, Success #059669). Sambungkan ke data asli dari tabel `students` di Supabase, bukan data dummy/hardcode. Setelah selesai, ambil screenshot hasilnya, bandingkan dengan tampilan prototype yang sama, dan sebutkan perbedaannya kalau ada."
56,Fase 3 - Pembayaran SPP & Paywall,September 2026 (Minggu 3-4),Manajemen Tagihan,"Server action payNextMonthBill: generate tagihan bulan berikutnya (hanya fee program, tanpa biaya registrasi) untuk siswa berstatus verified",Backend,students,Wajib,Belum Dikerjakan,,"Server action payNextMonthBill: generate tagihan bulan berikutnya (hanya fee program, tanpa biaya registrasi) untuk siswa berstatus verified
Acuan struktur data: tabel/model `students` di Supabase sesuai Software Design Description (SDD) Bimbel Grase (bagian 4). Implementasikan sebagai Next.js Server Action atau Route Handler (app/api atau app/**/actions.ts), validasi input pakai Zod, dan pola error handling yang konsisten dengan modul lain yang sudah dibangun di project ini — kalau ini modul pertama, pakai konvensi: Server Action + Zod schema + Supabase client server-side (bukan client-side langsung untuk operasi sensitif). Sambungkan ke data asli dari Supabase, bukan data dummy/mock/in-memory. Setelah selesai, tulis test (Vitest untuk unit, atau Playwright untuk alur end-to-end) mencakup skenario sukses dan skenario gagal/validasi error, jalankan test-nya, dan tunjukkan hasilnya."
57,Fase 3 - Pembayaran SPP & Paywall,September 2026 (Minggu 3-4),Manajemen Tagihan,"Server action admin adminVerifyPayment(id, status): approve/reject bukti bayar, approve mengubah status jadi verified",Backend,students,Wajib,Belum Dikerjakan,,"Server action admin adminVerifyPayment(id, status): approve/reject bukti bayar, approve mengubah status jadi verified
Acuan struktur data: tabel/model `students` di Supabase sesuai Software Design Description (SDD) Bimbel Grase (bagian 4). Implementasikan sebagai Next.js Server Action atau Route Handler (app/api atau app/**/actions.ts), validasi input pakai Zod, dan pola error handling yang konsisten dengan modul lain yang sudah dibangun di project ini — kalau ini modul pertama, pakai konvensi: Server Action + Zod schema + Supabase client server-side (bukan client-side langsung untuk operasi sensitif). Sambungkan ke data asli dari Supabase, bukan data dummy/mock/in-memory. Setelah selesai, tulis test (Vitest untuk unit, atau Playwright untuk alur end-to-end) mencakup skenario sukses dan skenario gagal/validasi error, jalankan test-nya, dan tunjukkan hasilnya."
58,Fase 3 - Pembayaran SPP & Paywall,September 2026 (Minggu 3-4),Verifikasi Keuangan,Bangun Admin Finance Queue — antrean verifikasi pembayaran masuk (renderAdminFinanceQueue) dari markup prototype,UI,students,Wajib,Belum Dikerjakan,Bagian: Finance & Verifier,"Bangun Admin Finance Queue — antrean verifikasi pembayaran masuk (renderAdminFinanceQueue) dari markup prototype
Acuan tampilan & alur: tiru layout, komponen, dan interaksi yang sudah ada di prototype @prototype.html (bagian terkait: Verifikasi Keuangan) — jangan desain ulang dari nol. Gunakan Next.js App Router (React Server Components untuk fetch data + Client Component untuk interaktivitas), styling Tailwind CSS. Warna, tipografi (Quicksand untuk judul, Nunito Sans untuk bodi/form), dan ikon (Material Symbols Outlined) ikuti Software Design Description (SDD) Bimbel Grase bagian 7 (Primary #006a6a, Secondary #feb700/#7c5800, Surface #f4fbfa, Error #ba1a1a, Success #059669). Sambungkan ke data asli dari tabel `students` di Supabase, bukan data dummy/hardcode. Setelah selesai, ambil screenshot hasilnya, bandingkan dengan tampilan prototype yang sama, dan sebutkan perbedaannya kalau ada."
59,Fase 3 - Pembayaran SPP & Paywall,September 2026 (Minggu 3-4),Verifikasi Keuangan,"Bangun Modal Canvas Receipt Generator — generate nota digital otomatis di sisi klien (generateMockReceiptImage, HTML5 Canvas API)",UI,students,Wajib,Belum Dikerjakan,Bagian: View Receipt Modal,"Bangun Modal Canvas Receipt Generator — generate nota digital otomatis di sisi klien (generateMockReceiptImage, HTML5 Canvas API)
Acuan tampilan & alur: tiru layout, komponen, dan interaksi yang sudah ada di prototype @prototype.html (bagian terkait: Verifikasi Keuangan) — jangan desain ulang dari nol. Gunakan Next.js App Router (React Server Components untuk fetch data + Client Component untuk interaktivitas), styling Tailwind CSS. Warna, tipografi (Quicksand untuk judul, Nunito Sans untuk bodi/form), dan ikon (Material Symbols Outlined) ikuti Software Design Description (SDD) Bimbel Grase bagian 7 (Primary #006a6a, Secondary #feb700/#7c5800, Surface #f4fbfa, Error #ba1a1a, Success #059669). Sambungkan ke data asli dari tabel `students` di Supabase, bukan data dummy/hardcode. Setelah selesai, ambil screenshot hasilnya, bandingkan dengan tampilan prototype yang sama, dan sebutkan perbedaannya kalau ada."
60,Fase 3 - Pembayaran SPP & Paywall,September 2026 (Minggu 3-4),Verifikasi Keuangan,Bangun Modal View Receipt untuk orang tua melihat nota transaksinya sendiri (viewParentReceipt/openReceiptModal),UI,students,Tinggi,Belum Dikerjakan,,"Bangun Modal View Receipt untuk orang tua melihat nota transaksinya sendiri (viewParentReceipt/openReceiptModal)
Acuan tampilan & alur: tiru layout, komponen, dan interaksi yang sudah ada di prototype @prototype.html (bagian terkait: Verifikasi Keuangan) — jangan desain ulang dari nol. Gunakan Next.js App Router (React Server Components untuk fetch data + Client Component untuk interaktivitas), styling Tailwind CSS. Warna, tipografi (Quicksand untuk judul, Nunito Sans untuk bodi/form), dan ikon (Material Symbols Outlined) ikuti Software Design Description (SDD) Bimbel Grase bagian 7 (Primary #006a6a, Secondary #feb700/#7c5800, Surface #f4fbfa, Error #ba1a1a, Success #059669). Sambungkan ke data asli dari tabel `students` di Supabase, bukan data dummy/hardcode. Setelah selesai, ambil screenshot hasilnya, bandingkan dengan tampilan prototype yang sama, dan sebutkan perbedaannya kalau ada."
61,Fase 3 - Pembayaran SPP & Paywall,September 2026 (Minggu 3-4),Verifikasi Keuangan,Bangun Riwayat Pembayaran / Finance History untuk Admin (renderAdminFinanceHistory),UI,students,Tinggi,Belum Dikerjakan,,"Bangun Riwayat Pembayaran / Finance History untuk Admin (renderAdminFinanceHistory)
Acuan tampilan & alur: tiru layout, komponen, dan interaksi yang sudah ada di prototype @prototype.html (bagian terkait: Verifikasi Keuangan) — jangan desain ulang dari nol. Gunakan Next.js App Router (React Server Components untuk fetch data + Client Component untuk interaktivitas), styling Tailwind CSS. Warna, tipografi (Quicksand untuk judul, Nunito Sans untuk bodi/form), dan ikon (Material Symbols Outlined) ikuti Software Design Description (SDD) Bimbel Grase bagian 7 (Primary #006a6a, Secondary #feb700/#7c5800, Surface #f4fbfa, Error #ba1a1a, Success #059669). Sambungkan ke data asli dari tabel `students` di Supabase, bukan data dummy/hardcode. Setelah selesai, ambil screenshot hasilnya, bandingkan dengan tampilan prototype yang sama, dan sebutkan perbedaannya kalau ada."
62,Fase 3 - Pembayaran SPP & Paywall,September 2026 (Minggu 3-4),Paywall & Proteksi Akses,Implementasi Paywall Guard: util/HOC server-side yang mengecek payment_status === 'verified' sebelum data/halaman LMS dikirim ke client (FR-LMS-001),Backend,students,Wajib,Belum Dikerjakan,,"Implementasi Paywall Guard: util/HOC server-side yang mengecek payment_status === 'verified' sebelum data/halaman LMS dikirim ke client (FR-LMS-001)
Acuan struktur data: tabel/model `students` di Supabase sesuai Software Design Description (SDD) Bimbel Grase (bagian 4). Implementasikan sebagai Next.js Server Action atau Route Handler (app/api atau app/**/actions.ts), validasi input pakai Zod, dan pola error handling yang konsisten dengan modul lain yang sudah dibangun di project ini — kalau ini modul pertama, pakai konvensi: Server Action + Zod schema + Supabase client server-side (bukan client-side langsung untuk operasi sensitif). Sambungkan ke data asli dari Supabase, bukan data dummy/mock/in-memory. Setelah selesai, tulis test (Vitest untuk unit, atau Playwright untuk alur end-to-end) mencakup skenario sukses dan skenario gagal/validasi error, jalankan test-nya, dan tunjukkan hasilnya."
63,Fase 3 - Pembayaran SPP & Paywall,September 2026 (Minggu 3-4),Paywall & Proteksi Akses,Bangun tampilan pesan 'akses terkunci' saat payment_status unpaid/pending di seluruh halaman LMS,UI,students,Wajib,Belum Dikerjakan,,"Bangun tampilan pesan 'akses terkunci' saat payment_status unpaid/pending di seluruh halaman LMS
Acuan tampilan & alur: tiru layout, komponen, dan interaksi yang sudah ada di prototype @prototype.html (bagian terkait: Paywall & Proteksi Akses) — jangan desain ulang dari nol. Gunakan Next.js App Router (React Server Components untuk fetch data + Client Component untuk interaktivitas), styling Tailwind CSS. Warna, tipografi (Quicksand untuk judul, Nunito Sans untuk bodi/form), dan ikon (Material Symbols Outlined) ikuti Software Design Description (SDD) Bimbel Grase bagian 7 (Primary #006a6a, Secondary #feb700/#7c5800, Surface #f4fbfa, Error #ba1a1a, Success #059669). Sambungkan ke data asli dari tabel `students` di Supabase, bukan data dummy/hardcode. Setelah selesai, ambil screenshot hasilnya, bandingkan dengan tampilan prototype yang sama, dan sebutkan perbedaannya kalau ada."
64,Fase 3 - Pembayaran SPP & Paywall,September 2026 (Minggu 3-4),Testing,"Test: Paywall — siswa unpaid/pending tidak bisa mengakses data LMS, siswa verified bisa akses penuh",Testing,students,Wajib,Belum Dikerjakan,,"Test: Paywall — siswa unpaid/pending tidak bisa mengakses data LMS, siswa verified bisa akses penuh
Cakup skenario sukses DAN skenario gagal/edge case (validasi error, data kosong, angka negatif/nol, unauthorized access, dsb.) untuk `students`. Tulis test dengan Vitest (unit/integration) dan/atau Playwright (E2E) sesuai konteksnya, jalankan test-nya, dan tunjukkan hasilnya — semua test harus lulus sebelum task ini dianggap selesai."
65,Fase 3 - Pembayaran SPP & Paywall,September 2026 (Minggu 3-4),Testing,Test end-to-end: submit bukti bayar orang tua -> admin approve -> paywall otomatis terbuka tanpa refresh manual,Testing,students,Wajib,Belum Dikerjakan,,"Test end-to-end: submit bukti bayar orang tua -> admin approve -> paywall otomatis terbuka tanpa refresh manual
Cakup skenario sukses DAN skenario gagal/edge case (validasi error, data kosong, angka negatif/nol, unauthorized access, dsb.) untuk `students`. Tulis test dengan Vitest (unit/integration) dan/atau Playwright (E2E) sesuai konteksnya, jalankan test-nya, dan tunjukkan hasilnya — semua test harus lulus sebelum task ini dianggap selesai."
66,Fase 3 - Pembayaran SPP & Paywall,September 2026 (Minggu 3-4),Testing,Test: payNextMonthBill tidak mengenakan biaya registrasi ulang & billing_count bertambah dengan benar,Testing,students,Menengah,Belum Dikerjakan,,"Test: payNextMonthBill tidak mengenakan biaya registrasi ulang & billing_count bertambah dengan benar
Cakup skenario sukses DAN skenario gagal/edge case (validasi error, data kosong, angka negatif/nol, unauthorized access, dsb.) untuk `students`. Tulis test dengan Vitest (unit/integration) dan/atau Playwright (E2E) sesuai konteksnya, jalankan test-nya, dan tunjukkan hasilnya — semua test harus lulus sebelum task ini dianggap selesai."
67,Fase 4 - E-Learning / LMS,Oktober 2026,Modul & Materi Belajar,"Migration tabel assignments (id, program_id FK, title, pdf_title, pdf_file_path, opened_date, due_date, highlight_text, instructions jsonb)",DB,assignments,Wajib,Belum Dikerjakan,,"Migration tabel assignments (id, program_id FK, title, pdf_title, pdf_file_path, opened_date, due_date, highlight_text, instructions jsonb)
Acuan: kolom, tipe data, relasi (foreign key), dan constraint tabel `assignments` harus mengikuti Kamus Data di Software Design Description (SDD) Bimbel Grase (bagian 4.2) — jangan menambah/mengurangi kolom di luar dokumen itu tanpa didiskusikan dulu. Tulis migration SQL di folder `supabase/migrations/`, sertakan Row Level Security (RLS) policy dasar (Orang Tua hanya boleh akses baris miliknya sendiri, Admin Pusat boleh akses semua) di migration yang sama. Jalankan migration ke database Supabase (lokal/staging) dan tunjukkan output terminalnya sebagai bukti tidak ada error."
68,Fase 4 - E-Learning / LMS,Oktober 2026,Modul & Materi Belajar,"Migration tabel submissions (id, assignment_id FK, student_id FK, submitted_file_path, submitted_at, status enum 'submitted'/'graded', score, notes)",DB,submissions,Wajib,Belum Dikerjakan,,"Migration tabel submissions (id, assignment_id FK, student_id FK, submitted_file_path, submitted_at, status enum 'submitted'/'graded', score, notes)
Acuan: kolom, tipe data, relasi (foreign key), dan constraint tabel `submissions` harus mengikuti Kamus Data di Software Design Description (SDD) Bimbel Grase (bagian 4.2) — jangan menambah/mengurangi kolom di luar dokumen itu tanpa didiskusikan dulu. Tulis migration SQL di folder `supabase/migrations/`, sertakan Row Level Security (RLS) policy dasar (Orang Tua hanya boleh akses baris miliknya sendiri, Admin Pusat boleh akses semua) di migration yang sama. Jalankan migration ke database Supabase (lokal/staging) dan tunjukkan output terminalnya sebagai bukti tidak ada error."
69,Fase 4 - E-Learning / LMS,Oktober 2026,Kuis Interaktif,"Migration tabel quizzes (id, program_id FK, title, questions_count, duration, questions jsonb array {id, text, options:{A,B,C}, key})",DB,quizzes,Wajib,Belum Dikerjakan,,"Migration tabel quizzes (id, program_id FK, title, questions_count, duration, questions jsonb array {id, text, options:{A,B,C}, key})
Acuan: kolom, tipe data, relasi (foreign key), dan constraint tabel `quizzes` harus mengikuti Kamus Data di Software Design Description (SDD) Bimbel Grase (bagian 4.2) — jangan menambah/mengurangi kolom di luar dokumen itu tanpa didiskusikan dulu. Tulis migration SQL di folder `supabase/migrations/`, sertakan Row Level Security (RLS) policy dasar (Orang Tua hanya boleh akses baris miliknya sendiri, Admin Pusat boleh akses semua) di migration yang sama. Jalankan migration ke database Supabase (lokal/staging) dan tunjukkan output terminalnya sebagai bukti tidak ada error."
70,Fase 4 - E-Learning / LMS,Oktober 2026,Rekapitulasi Nilai,"Migration tabel grades (id, student_id FK, task_name, score, grade_letter enum 'A'/'B'/'C', notes, created_at)",DB,grades,Wajib,Belum Dikerjakan,,"Migration tabel grades (id, student_id FK, task_name, score, grade_letter enum 'A'/'B'/'C', notes, created_at)
Acuan: kolom, tipe data, relasi (foreign key), dan constraint tabel `grades` harus mengikuti Kamus Data di Software Design Description (SDD) Bimbel Grase (bagian 4.2) — jangan menambah/mengurangi kolom di luar dokumen itu tanpa didiskusikan dulu. Tulis migration SQL di folder `supabase/migrations/`, sertakan Row Level Security (RLS) policy dasar (Orang Tua hanya boleh akses baris miliknya sendiri, Admin Pusat boleh akses semua) di migration yang sama. Jalankan migration ke database Supabase (lokal/staging) dan tunjukkan output terminalnya sebagai bukti tidak ada error."
71,Fase 4 - E-Learning / LMS,Oktober 2026,Modul & Materi Belajar,Server action admin upload Modul PDF ke Storage bucket modules-pdf + insert metadata terkait assignment/program,Backend,assignments,Wajib,Belum Dikerjakan,,"Server action admin upload Modul PDF ke Storage bucket modules-pdf + insert metadata terkait assignment/program
Acuan struktur data: tabel/model `assignments` di Supabase sesuai Software Design Description (SDD) Bimbel Grase (bagian 4). Implementasikan sebagai Next.js Server Action atau Route Handler (app/api atau app/**/actions.ts), validasi input pakai Zod, dan pola error handling yang konsisten dengan modul lain yang sudah dibangun di project ini — kalau ini modul pertama, pakai konvensi: Server Action + Zod schema + Supabase client server-side (bukan client-side langsung untuk operasi sensitif). Sambungkan ke data asli dari Supabase, bukan data dummy/mock/in-memory. Setelah selesai, tulis test (Vitest untuk unit, atau Playwright untuk alur end-to-end) mencakup skenario sukses dan skenario gagal/validasi error, jalankan test-nya, dan tunjukkan hasilnya."
72,Fase 4 - E-Learning / LMS,Oktober 2026,Modul & Materi Belajar,Bangun grid PDF Modules untuk siswa (list modul per kelas + tombol unduh) dari markup prototype,UI,assignments,Wajib,Belum Dikerjakan,Bagian: PDF Modules Grid,"Bangun grid PDF Modules untuk siswa (list modul per kelas + tombol unduh) dari markup prototype
Acuan tampilan & alur: tiru layout, komponen, dan interaksi yang sudah ada di prototype @prototype.html (bagian terkait: Modul & Materi Belajar) — jangan desain ulang dari nol. Gunakan Next.js App Router (React Server Components untuk fetch data + Client Component untuk interaktivitas), styling Tailwind CSS. Warna, tipografi (Quicksand untuk judul, Nunito Sans untuk bodi/form), dan ikon (Material Symbols Outlined) ikuti Software Design Description (SDD) Bimbel Grase bagian 7 (Primary #006a6a, Secondary #feb700/#7c5800, Surface #f4fbfa, Error #ba1a1a, Success #059669). Sambungkan ke data asli dari tabel `assignments` di Supabase, bukan data dummy/hardcode. Setelah selesai, ambil screenshot hasilnya, bandingkan dengan tampilan prototype yang sama, dan sebutkan perbedaannya kalau ada."
73,Fase 4 - E-Learning / LMS,Oktober 2026,Tugas & Penyerahan,"Server action openSubmitAssignmentModal/handleStudentAssignmentSubmit: upload jawaban tugas ke Storage bucket assignment-submissions, set status 'submitted'",Backend,submissions,Wajib,Belum Dikerjakan,,"Server action openSubmitAssignmentModal/handleStudentAssignmentSubmit: upload jawaban tugas ke Storage bucket assignment-submissions, set status 'submitted'
Acuan struktur data: tabel/model `submissions` di Supabase sesuai Software Design Description (SDD) Bimbel Grase (bagian 4). Implementasikan sebagai Next.js Server Action atau Route Handler (app/api atau app/**/actions.ts), validasi input pakai Zod, dan pola error handling yang konsisten dengan modul lain yang sudah dibangun di project ini — kalau ini modul pertama, pakai konvensi: Server Action + Zod schema + Supabase client server-side (bukan client-side langsung untuk operasi sensitif). Sambungkan ke data asli dari Supabase, bukan data dummy/mock/in-memory. Setelah selesai, tulis test (Vitest untuk unit, atau Playwright untuk alur end-to-end) mencakup skenario sukses dan skenario gagal/validasi error, jalankan test-nya, dan tunjukkan hasilnya."
74,Fase 4 - E-Learning / LMS,Oktober 2026,Tugas & Penyerahan,"Bangun tampilan detail tugas (materi PDF, opened_date, due_date, status Belum Dikirim/Menunggu Penilaian/Sudah Dinilai) dari markup prototype",UI,"assignments, submissions",Wajib,Belum Dikerjakan,Bagian: Assignment Section,"Bangun tampilan detail tugas (materi PDF, opened_date, due_date, status Belum Dikirim/Menunggu Penilaian/Sudah Dinilai) dari markup prototype
Acuan tampilan & alur: tiru layout, komponen, dan interaksi yang sudah ada di prototype @prototype.html (bagian terkait: Tugas & Penyerahan) — jangan desain ulang dari nol. Gunakan Next.js App Router (React Server Components untuk fetch data + Client Component untuk interaktivitas), styling Tailwind CSS. Warna, tipografi (Quicksand untuk judul, Nunito Sans untuk bodi/form), dan ikon (Material Symbols Outlined) ikuti Software Design Description (SDD) Bimbel Grase bagian 7 (Primary #006a6a, Secondary #feb700/#7c5800, Surface #f4fbfa, Error #ba1a1a, Success #059669). Sambungkan ke data asli dari tabel `assignments, submissions` di Supabase, bukan data dummy/hardcode. Setelah selesai, ambil screenshot hasilnya, bandingkan dengan tampilan prototype yang sama, dan sebutkan perbedaannya kalau ada."
75,Fase 4 - E-Learning / LMS,Oktober 2026,Tugas & Penyerahan,"Server action saveGradeForSubmission: admin/tutor input nilai (0-100) + catatan, hitung predikat huruf otomatis (FR-ADM-005)",Backend,"submissions, grades",Wajib,Belum Dikerjakan,,"Server action saveGradeForSubmission: admin/tutor input nilai (0-100) + catatan, hitung predikat huruf otomatis (FR-ADM-005)
Acuan struktur data: tabel/model `submissions, grades` di Supabase sesuai Software Design Description (SDD) Bimbel Grase (bagian 4). Implementasikan sebagai Next.js Server Action atau Route Handler (app/api atau app/**/actions.ts), validasi input pakai Zod, dan pola error handling yang konsisten dengan modul lain yang sudah dibangun di project ini — kalau ini modul pertama, pakai konvensi: Server Action + Zod schema + Supabase client server-side (bukan client-side langsung untuk operasi sensitif). Sambungkan ke data asli dari Supabase, bukan data dummy/mock/in-memory. Setelah selesai, tulis test (Vitest untuk unit, atau Playwright untuk alur end-to-end) mencakup skenario sukses dan skenario gagal/validasi error, jalankan test-nya, dan tunjukkan hasilnya."
76,Fase 4 - E-Learning / LMS,Oktober 2026,Kuis Interaktif,"Bangun Quiz Intro Screen (info kuis: jumlah soal, durasi) sebelum siswa mulai mengerjakan, dari markup prototype",UI,quizzes,Wajib,Belum Dikerjakan,Bagian: Quiz Intro Screen,"Bangun Quiz Intro Screen (info kuis: jumlah soal, durasi) sebelum siswa mulai mengerjakan, dari markup prototype
Acuan tampilan & alur: tiru layout, komponen, dan interaksi yang sudah ada di prototype @prototype.html (bagian terkait: Kuis Interaktif) — jangan desain ulang dari nol. Gunakan Next.js App Router (React Server Components untuk fetch data + Client Component untuk interaktivitas), styling Tailwind CSS. Warna, tipografi (Quicksand untuk judul, Nunito Sans untuk bodi/form), dan ikon (Material Symbols Outlined) ikuti Software Design Description (SDD) Bimbel Grase bagian 7 (Primary #006a6a, Secondary #feb700/#7c5800, Surface #f4fbfa, Error #ba1a1a, Success #059669). Sambungkan ke data asli dari tabel `quizzes` di Supabase, bukan data dummy/hardcode. Setelah selesai, ambil screenshot hasilnya, bandingkan dengan tampilan prototype yang sama, dan sebutkan perbedaannya kalau ada."
77,Fase 4 - E-Learning / LMS,Oktober 2026,Kuis Interaktif,"Quiz Engine: startQuiz(quizId) — ambil soal dari kolom JSON questions, jalankan timer countdown di client",Backend,quizzes,Wajib,Belum Dikerjakan,,"Quiz Engine: startQuiz(quizId) — ambil soal dari kolom JSON questions, jalankan timer countdown di client
Acuan struktur data: tabel/model `quizzes` di Supabase sesuai Software Design Description (SDD) Bimbel Grase (bagian 4). Implementasikan sebagai Next.js Server Action atau Route Handler (app/api atau app/**/actions.ts), validasi input pakai Zod, dan pola error handling yang konsisten dengan modul lain yang sudah dibangun di project ini — kalau ini modul pertama, pakai konvensi: Server Action + Zod schema + Supabase client server-side (bukan client-side langsung untuk operasi sensitif). Sambungkan ke data asli dari Supabase, bukan data dummy/mock/in-memory. Setelah selesai, tulis test (Vitest untuk unit, atau Playwright untuk alur end-to-end) mencakup skenario sukses dan skenario gagal/validasi error, jalankan test-nya, dan tunjukkan hasilnya."
78,Fase 4 - E-Learning / LMS,Oktober 2026,Kuis Interaktif,Bangun tampilan soal kuis pilihan ganda A/B/C dengan indikator timer visual (Quiz Section for Student),UI,quizzes,Wajib,Belum Dikerjakan,Bagian: Quiz Section for Student,"Bangun tampilan soal kuis pilihan ganda A/B/C dengan indikator timer visual (Quiz Section for Student)
Acuan tampilan & alur: tiru layout, komponen, dan interaksi yang sudah ada di prototype @prototype.html (bagian terkait: Kuis Interaktif) — jangan desain ulang dari nol. Gunakan Next.js App Router (React Server Components untuk fetch data + Client Component untuk interaktivitas), styling Tailwind CSS. Warna, tipografi (Quicksand untuk judul, Nunito Sans untuk bodi/form), dan ikon (Material Symbols Outlined) ikuti Software Design Description (SDD) Bimbel Grase bagian 7 (Primary #006a6a, Secondary #feb700/#7c5800, Surface #f4fbfa, Error #ba1a1a, Success #059669). Sambungkan ke data asli dari tabel `quizzes` di Supabase, bukan data dummy/hardcode. Setelah selesai, ambil screenshot hasilnya, bandingkan dengan tampilan prototype yang sama, dan sebutkan perbedaannya kalau ada."
79,Fase 4 - E-Learning / LMS,Oktober 2026,Kuis Interaktif,"Server action submitQuiz: hitung skor otomatis (Jumlah Benar / Total Soal x 100), simpan ke tabel grades, tentukan predikat A/B/C (FR-LMS-004)",Backend,"quizzes, grades",Wajib,Belum Dikerjakan,,"Server action submitQuiz: hitung skor otomatis (Jumlah Benar / Total Soal x 100), simpan ke tabel grades, tentukan predikat A/B/C (FR-LMS-004)
Acuan struktur data: tabel/model `quizzes, grades` di Supabase sesuai Software Design Description (SDD) Bimbel Grase (bagian 4). Implementasikan sebagai Next.js Server Action atau Route Handler (app/api atau app/**/actions.ts), validasi input pakai Zod, dan pola error handling yang konsisten dengan modul lain yang sudah dibangun di project ini — kalau ini modul pertama, pakai konvensi: Server Action + Zod schema + Supabase client server-side (bukan client-side langsung untuk operasi sensitif). Sambungkan ke data asli dari Supabase, bukan data dummy/mock/in-memory. Setelah selesai, tulis test (Vitest untuk unit, atau Playwright untuk alur end-to-end) mencakup skenario sukses dan skenario gagal/validasi error, jalankan test-nya, dan tunjukkan hasilnya."
80,Fase 4 - E-Learning / LMS,Oktober 2026,Kuis Interaktif,Bangun Quiz Result Screen dengan imbalan bintang visual (reward system) dari markup prototype,UI,grades,Tinggi,Belum Dikerjakan,Bagian: Quiz Result Screen,"Bangun Quiz Result Screen dengan imbalan bintang visual (reward system) dari markup prototype
Acuan tampilan & alur: tiru layout, komponen, dan interaksi yang sudah ada di prototype @prototype.html (bagian terkait: Kuis Interaktif) — jangan desain ulang dari nol. Gunakan Next.js App Router (React Server Components untuk fetch data + Client Component untuk interaktivitas), styling Tailwind CSS. Warna, tipografi (Quicksand untuk judul, Nunito Sans untuk bodi/form), dan ikon (Material Symbols Outlined) ikuti Software Design Description (SDD) Bimbel Grase bagian 7 (Primary #006a6a, Secondary #feb700/#7c5800, Surface #f4fbfa, Error #ba1a1a, Success #059669). Sambungkan ke data asli dari tabel `grades` di Supabase, bukan data dummy/hardcode. Setelah selesai, ambil screenshot hasilnya, bandingkan dengan tampilan prototype yang sama, dan sebutkan perbedaannya kalau ada."
81,Fase 4 - E-Learning / LMS,Oktober 2026,Kuis Interaktif,Handle auto-submit kuis saat timer habis (waktu habis = kuis otomatis dikumpulkan dengan jawaban yang sudah dipilih),Backend,quizzes,Tinggi,Belum Dikerjakan,,"Handle auto-submit kuis saat timer habis (waktu habis = kuis otomatis dikumpulkan dengan jawaban yang sudah dipilih)
Acuan struktur data: tabel/model `quizzes` di Supabase sesuai Software Design Description (SDD) Bimbel Grase (bagian 4). Implementasikan sebagai Next.js Server Action atau Route Handler (app/api atau app/**/actions.ts), validasi input pakai Zod, dan pola error handling yang konsisten dengan modul lain yang sudah dibangun di project ini — kalau ini modul pertama, pakai konvensi: Server Action + Zod schema + Supabase client server-side (bukan client-side langsung untuk operasi sensitif). Sambungkan ke data asli dari Supabase, bukan data dummy/mock/in-memory. Setelah selesai, tulis test (Vitest untuk unit, atau Playwright untuk alur end-to-end) mencakup skenario sukses dan skenario gagal/validasi error, jalankan test-nya, dan tunjukkan hasilnya."
82,Fase 4 - E-Learning / LMS,Oktober 2026,Testing,Test: perhitungan skor kuis benar untuk berbagai kombinasi jawaban benar/salah/kosong,Testing,"quizzes, grades",Wajib,Belum Dikerjakan,,"Test: perhitungan skor kuis benar untuk berbagai kombinasi jawaban benar/salah/kosong
Cakup skenario sukses DAN skenario gagal/edge case (validasi error, data kosong, angka negatif/nol, unauthorized access, dsb.) untuk `quizzes, grades`. Tulis test dengan Vitest (unit/integration) dan/atau Playwright (E2E) sesuai konteksnya, jalankan test-nya, dan tunjukkan hasilnya — semua test harus lulus sebelum task ini dianggap selesai."
83,Fase 4 - E-Learning / LMS,Oktober 2026,Testing,"Test: timer kuis — auto-submit tepat saat waktu habis, tidak bisa submit 2x",Testing,quizzes,Tinggi,Belum Dikerjakan,,"Test: timer kuis — auto-submit tepat saat waktu habis, tidak bisa submit 2x
Cakup skenario sukses DAN skenario gagal/edge case (validasi error, data kosong, angka negatif/nol, unauthorized access, dsb.) untuk `quizzes`. Tulis test dengan Vitest (unit/integration) dan/atau Playwright (E2E) sesuai konteksnya, jalankan test-nya, dan tunjukkan hasilnya — semua test harus lulus sebelum task ini dianggap selesai."
84,Fase 4 - E-Learning / LMS,Oktober 2026,Testing,Test: predikat huruf (A/B/C) dihitung sesuai ambang batas skor yang disepakati (keputusan bisnis Fase 0 #7),Testing,grades,Menengah,Belum Dikerjakan,,"Test: predikat huruf (A/B/C) dihitung sesuai ambang batas skor yang disepakati (keputusan bisnis Fase 0 #7)
Cakup skenario sukses DAN skenario gagal/edge case (validasi error, data kosong, angka negatif/nol, unauthorized access, dsb.) untuk `grades`. Tulis test dengan Vitest (unit/integration) dan/atau Playwright (E2E) sesuai konteksnya, jalankan test-nya, dan tunjukkan hasilnya — semua test harus lulus sebelum task ini dianggap selesai."
85,Fase 4 - E-Learning / LMS,Oktober 2026,Testing,"Test: upload & penilaian tugas — file tersimpan benar, status berubah submitted -> graded, skor & catatan tersimpan",Testing,submissions,Tinggi,Belum Dikerjakan,,"Test: upload & penilaian tugas — file tersimpan benar, status berubah submitted -> graded, skor & catatan tersimpan
Cakup skenario sukses DAN skenario gagal/edge case (validasi error, data kosong, angka negatif/nol, unauthorized access, dsb.) untuk `submissions`. Tulis test dengan Vitest (unit/integration) dan/atau Playwright (E2E) sesuai konteksnya, jalankan test-nya, dan tunjukkan hasilnya — semua test harus lulus sebelum task ini dianggap selesai."
86,Fase 5 - Admin Console & Pelaporan,November 2026 (Minggu 1-2),Dashboard Admin,"Server action refreshAdminData: agregasi KPI (total kelas aktif, total siswa, total modul/kuis, total pendapatan SPP verified)",Backend,"programs, students, quizzes",Wajib,Belum Dikerjakan,,"Server action refreshAdminData: agregasi KPI (total kelas aktif, total siswa, total modul/kuis, total pendapatan SPP verified)
Acuan struktur data: tabel/model `programs, students, quizzes` di Supabase sesuai Software Design Description (SDD) Bimbel Grase (bagian 4). Implementasikan sebagai Next.js Server Action atau Route Handler (app/api atau app/**/actions.ts), validasi input pakai Zod, dan pola error handling yang konsisten dengan modul lain yang sudah dibangun di project ini — kalau ini modul pertama, pakai konvensi: Server Action + Zod schema + Supabase client server-side (bukan client-side langsung untuk operasi sensitif). Sambungkan ke data asli dari Supabase, bukan data dummy/mock/in-memory. Setelah selesai, tulis test (Vitest untuk unit, atau Playwright untuk alur end-to-end) mencakup skenario sukses dan skenario gagal/validasi error, jalankan test-nya, dan tunjukkan hasilnya."
87,Fase 5 - Admin Console & Pelaporan,November 2026 (Minggu 1-2),Dashboard Admin,Bangun Admin Dashboard KPI dari markup prototype (renderAdminKPIs) — kartu ringkasan operasional,UI,"programs, students",Wajib,Belum Dikerjakan,Bagian: Admin Console (Dashboard),"Bangun Admin Dashboard KPI dari markup prototype (renderAdminKPIs) — kartu ringkasan operasional
Acuan tampilan & alur: tiru layout, komponen, dan interaksi yang sudah ada di prototype @prototype.html (bagian terkait: Dashboard Admin) — jangan desain ulang dari nol. Gunakan Next.js App Router (React Server Components untuk fetch data + Client Component untuk interaktivitas), styling Tailwind CSS. Warna, tipografi (Quicksand untuk judul, Nunito Sans untuk bodi/form), dan ikon (Material Symbols Outlined) ikuti Software Design Description (SDD) Bimbel Grase bagian 7 (Primary #006a6a, Secondary #feb700/#7c5800, Surface #f4fbfa, Error #ba1a1a, Success #059669). Sambungkan ke data asli dari tabel `programs, students` di Supabase, bukan data dummy/hardcode. Setelah selesai, ambil screenshot hasilnya, bandingkan dengan tampilan prototype yang sama, dan sebutkan perbedaannya kalau ada."
88,Fase 5 - Admin Console & Pelaporan,November 2026 (Minggu 1-2),Kelola Kelas,"Server action CRUD Program/Kelas (openAddClassModal/handleAddClassSubmit): nama, target usia, tutor, jadwal, fee, deskripsi",Backend,programs,Wajib,Belum Dikerjakan,,"Server action CRUD Program/Kelas (openAddClassModal/handleAddClassSubmit): nama, target usia, tutor, jadwal, fee, deskripsi
Acuan struktur data: tabel/model `programs` di Supabase sesuai Software Design Description (SDD) Bimbel Grase (bagian 4). Implementasikan sebagai Next.js Server Action atau Route Handler (app/api atau app/**/actions.ts), validasi input pakai Zod, dan pola error handling yang konsisten dengan modul lain yang sudah dibangun di project ini — kalau ini modul pertama, pakai konvensi: Server Action + Zod schema + Supabase client server-side (bukan client-side langsung untuk operasi sensitif). Sambungkan ke data asli dari Supabase, bukan data dummy/mock/in-memory. Setelah selesai, tulis test (Vitest untuk unit, atau Playwright untuk alur end-to-end) mencakup skenario sukses dan skenario gagal/validasi error, jalankan test-nya, dan tunjukkan hasilnya."
89,Fase 5 - Admin Console & Pelaporan,November 2026 (Minggu 1-2),Kelola Kelas,Bangun halaman Kelola Kelas — tabel + modal tambah/edit dari markup prototype (renderAdminClasses),UI,programs,Wajib,Belum Dikerjakan,Bagian: Admin Console (Kelas),"Bangun halaman Kelola Kelas — tabel + modal tambah/edit dari markup prototype (renderAdminClasses)
Acuan tampilan & alur: tiru layout, komponen, dan interaksi yang sudah ada di prototype @prototype.html (bagian terkait: Kelola Kelas) — jangan desain ulang dari nol. Gunakan Next.js App Router (React Server Components untuk fetch data + Client Component untuk interaktivitas), styling Tailwind CSS. Warna, tipografi (Quicksand untuk judul, Nunito Sans untuk bodi/form), dan ikon (Material Symbols Outlined) ikuti Software Design Description (SDD) Bimbel Grase bagian 7 (Primary #006a6a, Secondary #feb700/#7c5800, Surface #f4fbfa, Error #ba1a1a, Success #059669). Sambungkan ke data asli dari tabel `programs` di Supabase, bukan data dummy/hardcode. Setelah selesai, ambil screenshot hasilnya, bandingkan dengan tampilan prototype yang sama, dan sebutkan perbedaannya kalau ada."
90,Fase 5 - Admin Console & Pelaporan,November 2026 (Minggu 1-2),Kelola Siswa,Server action CRUD Siswa manual oleh Admin (openAddStudentModal/handleAddStudentAdminSubmit),Backend,students,Wajib,Belum Dikerjakan,,"Server action CRUD Siswa manual oleh Admin (openAddStudentModal/handleAddStudentAdminSubmit)
Acuan struktur data: tabel/model `students` di Supabase sesuai Software Design Description (SDD) Bimbel Grase (bagian 4). Implementasikan sebagai Next.js Server Action atau Route Handler (app/api atau app/**/actions.ts), validasi input pakai Zod, dan pola error handling yang konsisten dengan modul lain yang sudah dibangun di project ini — kalau ini modul pertama, pakai konvensi: Server Action + Zod schema + Supabase client server-side (bukan client-side langsung untuk operasi sensitif). Sambungkan ke data asli dari Supabase, bukan data dummy/mock/in-memory. Setelah selesai, tulis test (Vitest untuk unit, atau Playwright untuk alur end-to-end) mencakup skenario sukses dan skenario gagal/validasi error, jalankan test-nya, dan tunjukkan hasilnya."
91,Fase 5 - Admin Console & Pelaporan,November 2026 (Minggu 1-2),Kelola Siswa,Bangun tabel Data Siswa dengan search berdasarkan nama siswa/orang tua (filterAdminStudentTable) dari markup prototype,UI,students,Wajib,Belum Dikerjakan,Bagian: Admin Console (Data Siswa),"Bangun tabel Data Siswa dengan search berdasarkan nama siswa/orang tua (filterAdminStudentTable) dari markup prototype
Acuan tampilan & alur: tiru layout, komponen, dan interaksi yang sudah ada di prototype @prototype.html (bagian terkait: Kelola Siswa) — jangan desain ulang dari nol. Gunakan Next.js App Router (React Server Components untuk fetch data + Client Component untuk interaktivitas), styling Tailwind CSS. Warna, tipografi (Quicksand untuk judul, Nunito Sans untuk bodi/form), dan ikon (Material Symbols Outlined) ikuti Software Design Description (SDD) Bimbel Grase bagian 7 (Primary #006a6a, Secondary #feb700/#7c5800, Surface #f4fbfa, Error #ba1a1a, Success #059669). Sambungkan ke data asli dari tabel `students` di Supabase, bukan data dummy/hardcode. Setelah selesai, ambil screenshot hasilnya, bandingkan dengan tampilan prototype yang sama, dan sebutkan perbedaannya kalau ada."
92,Fase 5 - Admin Console & Pelaporan,November 2026 (Minggu 1-2),Kelola Siswa,"Bangun Modal Detail Siswa — kontak orang tua, program, status tagihan, riwayat (openAdminStudentDetailModal)",UI,"students, profiles",Tinggi,Belum Dikerjakan,,"Bangun Modal Detail Siswa — kontak orang tua, program, status tagihan, riwayat (openAdminStudentDetailModal)
Acuan tampilan & alur: tiru layout, komponen, dan interaksi yang sudah ada di prototype @prototype.html (bagian terkait: Kelola Siswa) — jangan desain ulang dari nol. Gunakan Next.js App Router (React Server Components untuk fetch data + Client Component untuk interaktivitas), styling Tailwind CSS. Warna, tipografi (Quicksand untuk judul, Nunito Sans untuk bodi/form), dan ikon (Material Symbols Outlined) ikuti Software Design Description (SDD) Bimbel Grase bagian 7 (Primary #006a6a, Secondary #feb700/#7c5800, Surface #f4fbfa, Error #ba1a1a, Success #059669). Sambungkan ke data asli dari tabel `students, profiles` di Supabase, bukan data dummy/hardcode. Setelah selesai, ambil screenshot hasilnya, bandingkan dengan tampilan prototype yang sama, dan sebutkan perbedaannya kalau ada."
93,Fase 5 - Admin Console & Pelaporan,November 2026 (Minggu 1-2),Kelola Modul & Kuis,"Server action CRUD Kuis dinamis (openAddQuizModal/handleAddQuizSubmit/renderQuizQuestionFields) — 1 sampai 10 soal, opsi A/B/C, kunci jawaban",Backend,quizzes,Wajib,Belum Dikerjakan,,"Server action CRUD Kuis dinamis (openAddQuizModal/handleAddQuizSubmit/renderQuizQuestionFields) — 1 sampai 10 soal, opsi A/B/C, kunci jawaban
Acuan struktur data: tabel/model `quizzes` di Supabase sesuai Software Design Description (SDD) Bimbel Grase (bagian 4). Implementasikan sebagai Next.js Server Action atau Route Handler (app/api atau app/**/actions.ts), validasi input pakai Zod, dan pola error handling yang konsisten dengan modul lain yang sudah dibangun di project ini — kalau ini modul pertama, pakai konvensi: Server Action + Zod schema + Supabase client server-side (bukan client-side langsung untuk operasi sensitif). Sambungkan ke data asli dari Supabase, bukan data dummy/mock/in-memory. Setelah selesai, tulis test (Vitest untuk unit, atau Playwright untuk alur end-to-end) mencakup skenario sukses dan skenario gagal/validasi error, jalankan test-nya, dan tunjukkan hasilnya."
94,Fase 5 - Admin Console & Pelaporan,November 2026 (Minggu 1-2),Kelola Modul & Kuis,Server action CRUD Modul PDF & Tugas oleh Admin (openAddModuleModal/openAddAssignmentModal/handleAddModuleSubmit/handleAddAssignmentSubmit),Backend,assignments,Wajib,Belum Dikerjakan,,"Server action CRUD Modul PDF & Tugas oleh Admin (openAddModuleModal/openAddAssignmentModal/handleAddModuleSubmit/handleAddAssignmentSubmit)
Acuan struktur data: tabel/model `assignments` di Supabase sesuai Software Design Description (SDD) Bimbel Grase (bagian 4). Implementasikan sebagai Next.js Server Action atau Route Handler (app/api atau app/**/actions.ts), validasi input pakai Zod, dan pola error handling yang konsisten dengan modul lain yang sudah dibangun di project ini — kalau ini modul pertama, pakai konvensi: Server Action + Zod schema + Supabase client server-side (bukan client-side langsung untuk operasi sensitif). Sambungkan ke data asli dari Supabase, bukan data dummy/mock/in-memory. Setelah selesai, tulis test (Vitest untuk unit, atau Playwright untuk alur end-to-end) mencakup skenario sukses dan skenario gagal/validasi error, jalankan test-nya, dan tunjukkan hasilnya."
95,Fase 5 - Admin Console & Pelaporan,November 2026 (Minggu 1-2),Kelola Modul & Kuis,Bangun halaman Modul & Kuis Admin dari markup prototype (renderAdminModulesAndQuizzes),UI,"assignments, quizzes",Wajib,Belum Dikerjakan,Bagian: Admin Console (Modul & Kuis),"Bangun halaman Modul & Kuis Admin dari markup prototype (renderAdminModulesAndQuizzes)
Acuan tampilan & alur: tiru layout, komponen, dan interaksi yang sudah ada di prototype @prototype.html (bagian terkait: Kelola Modul & Kuis) — jangan desain ulang dari nol. Gunakan Next.js App Router (React Server Components untuk fetch data + Client Component untuk interaktivitas), styling Tailwind CSS. Warna, tipografi (Quicksand untuk judul, Nunito Sans untuk bodi/form), dan ikon (Material Symbols Outlined) ikuti Software Design Description (SDD) Bimbel Grase bagian 7 (Primary #006a6a, Secondary #feb700/#7c5800, Surface #f4fbfa, Error #ba1a1a, Success #059669). Sambungkan ke data asli dari tabel `assignments, quizzes` di Supabase, bukan data dummy/hardcode. Setelah selesai, ambil screenshot hasilnya, bandingkan dengan tampilan prototype yang sama, dan sebutkan perbedaannya kalau ada."
96,Fase 5 - Admin Console & Pelaporan,November 2026 (Minggu 1-2),Penilaian & Rekap Nilai,Bangun Modal Penilaian Tugas Admin (openGradeAssignmentModal/handleAddGradeSubmit/closeGradeAssignmentModal),UI,"submissions, grades",Wajib,Belum Dikerjakan,,"Bangun Modal Penilaian Tugas Admin (openGradeAssignmentModal/handleAddGradeSubmit/closeGradeAssignmentModal)
Acuan tampilan & alur: tiru layout, komponen, dan interaksi yang sudah ada di prototype @prototype.html (bagian terkait: Penilaian & Rekap Nilai) — jangan desain ulang dari nol. Gunakan Next.js App Router (React Server Components untuk fetch data + Client Component untuk interaktivitas), styling Tailwind CSS. Warna, tipografi (Quicksand untuk judul, Nunito Sans untuk bodi/form), dan ikon (Material Symbols Outlined) ikuti Software Design Description (SDD) Bimbel Grase bagian 7 (Primary #006a6a, Secondary #feb700/#7c5800, Surface #f4fbfa, Error #ba1a1a, Success #059669). Sambungkan ke data asli dari tabel `submissions, grades` di Supabase, bukan data dummy/hardcode. Setelah selesai, ambil screenshot hasilnya, bandingkan dengan tampilan prototype yang sama, dan sebutkan perbedaannya kalau ada."
97,Fase 5 - Admin Console & Pelaporan,November 2026 (Minggu 1-2),Penilaian & Rekap Nilai,Bangun tabel Rekapitulasi Nilai (renderAdminGradesTable) — semua nilai tugas & kuis per siswa,UI,grades,Wajib,Belum Dikerjakan,Bagian: Admin Console (Nilai),"Bangun tabel Rekapitulasi Nilai (renderAdminGradesTable) — semua nilai tugas & kuis per siswa
Acuan tampilan & alur: tiru layout, komponen, dan interaksi yang sudah ada di prototype @prototype.html (bagian terkait: Penilaian & Rekap Nilai) — jangan desain ulang dari nol. Gunakan Next.js App Router (React Server Components untuk fetch data + Client Component untuk interaktivitas), styling Tailwind CSS. Warna, tipografi (Quicksand untuk judul, Nunito Sans untuk bodi/form), dan ikon (Material Symbols Outlined) ikuti Software Design Description (SDD) Bimbel Grase bagian 7 (Primary #006a6a, Secondary #feb700/#7c5800, Surface #f4fbfa, Error #ba1a1a, Success #059669). Sambungkan ke data asli dari tabel `grades` di Supabase, bukan data dummy/hardcode. Setelah selesai, ambil screenshot hasilnya, bandingkan dengan tampilan prototype yang sama, dan sebutkan perbedaannya kalau ada."
98,Fase 5 - Admin Console & Pelaporan,November 2026 (Minggu 1-2),Pelaporan,Server action laporan akademik siswa (renderAdminStudentReports) — agregasi nilai & progres per siswa,Backend,"grades, students",Tinggi,Belum Dikerjakan,,"Server action laporan akademik siswa (renderAdminStudentReports) — agregasi nilai & progres per siswa
Acuan struktur data: tabel/model `grades, students` di Supabase sesuai Software Design Description (SDD) Bimbel Grase (bagian 4). Implementasikan sebagai Next.js Server Action atau Route Handler (app/api atau app/**/actions.ts), validasi input pakai Zod, dan pola error handling yang konsisten dengan modul lain yang sudah dibangun di project ini — kalau ini modul pertama, pakai konvensi: Server Action + Zod schema + Supabase client server-side (bukan client-side langsung untuk operasi sensitif). Sambungkan ke data asli dari Supabase, bukan data dummy/mock/in-memory. Setelah selesai, tulis test (Vitest untuk unit, atau Playwright untuk alur end-to-end) mencakup skenario sukses dan skenario gagal/validasi error, jalankan test-nya, dan tunjukkan hasilnya."
99,Fase 5 - Admin Console & Pelaporan,November 2026 (Minggu 1-2),Pelaporan,Server action exportReport: generate laporan PDF (akademik & keuangan) menggunakan @react-pdf/renderer atau library setara,Backend,"grades, students",Tinggi,Belum Dikerjakan,,"Server action exportReport: generate laporan PDF (akademik & keuangan) menggunakan @react-pdf/renderer atau library setara
Acuan struktur data: tabel/model `grades, students` di Supabase sesuai Software Design Description (SDD) Bimbel Grase (bagian 4). Implementasikan sebagai Next.js Server Action atau Route Handler (app/api atau app/**/actions.ts), validasi input pakai Zod, dan pola error handling yang konsisten dengan modul lain yang sudah dibangun di project ini — kalau ini modul pertama, pakai konvensi: Server Action + Zod schema + Supabase client server-side (bukan client-side langsung untuk operasi sensitif). Sambungkan ke data asli dari Supabase, bukan data dummy/mock/in-memory. Setelah selesai, tulis test (Vitest untuk unit, atau Playwright untuk alur end-to-end) mencakup skenario sukses dan skenario gagal/validasi error, jalankan test-nya, dan tunjukkan hasilnya."
100,Fase 5 - Admin Console & Pelaporan,November 2026 (Minggu 1-2),Pelaporan,Bangun tombol & modal Export Laporan PDF dari markup prototype,UI,"grades, students",Tinggi,Belum Dikerjakan,,"Bangun tombol & modal Export Laporan PDF dari markup prototype
Acuan tampilan & alur: tiru layout, komponen, dan interaksi yang sudah ada di prototype @prototype.html (bagian terkait: Pelaporan) — jangan desain ulang dari nol. Gunakan Next.js App Router (React Server Components untuk fetch data + Client Component untuk interaktivitas), styling Tailwind CSS. Warna, tipografi (Quicksand untuk judul, Nunito Sans untuk bodi/form), dan ikon (Material Symbols Outlined) ikuti Software Design Description (SDD) Bimbel Grase bagian 7 (Primary #006a6a, Secondary #feb700/#7c5800, Surface #f4fbfa, Error #ba1a1a, Success #059669). Sambungkan ke data asli dari tabel `grades, students` di Supabase, bukan data dummy/hardcode. Setelah selesai, ambil screenshot hasilnya, bandingkan dengan tampilan prototype yang sama, dan sebutkan perbedaannya kalau ada."
101,Fase 5 - Admin Console & Pelaporan,November 2026 (Minggu 1-2),Testing,"Test: CRUD Kelas, Siswa, Modul, Tugas, Kuis — skenario sukses & gagal validasi (field kosong, angka negatif, dsb.)",Testing,"programs, students, quizzes",Wajib,Belum Dikerjakan,,"Test: CRUD Kelas, Siswa, Modul, Tugas, Kuis — skenario sukses & gagal validasi (field kosong, angka negatif, dsb.)
Cakup skenario sukses DAN skenario gagal/edge case (validasi error, data kosong, angka negatif/nol, unauthorized access, dsb.) untuk `programs, students, quizzes`. Tulis test dengan Vitest (unit/integration) dan/atau Playwright (E2E) sesuai konteksnya, jalankan test-nya, dan tunjukkan hasilnya — semua test harus lulus sebelum task ini dianggap selesai."
102,Fase 5 - Admin Console & Pelaporan,November 2026 (Minggu 1-2),Testing,Test: search/filter tabel siswa mengembalikan hasil yang tepat untuk berbagai kata kunci,Testing,students,Menengah,Belum Dikerjakan,,"Test: search/filter tabel siswa mengembalikan hasil yang tepat untuk berbagai kata kunci
Cakup skenario sukses DAN skenario gagal/edge case (validasi error, data kosong, angka negatif/nol, unauthorized access, dsb.) untuk `students`. Tulis test dengan Vitest (unit/integration) dan/atau Playwright (E2E) sesuai konteksnya, jalankan test-nya, dan tunjukkan hasilnya — semua test harus lulus sebelum task ini dianggap selesai."
103,Fase 5 - Admin Console & Pelaporan,November 2026 (Minggu 1-2),Testing,Test: export laporan menghasilkan file PDF valid dengan data yang sesuai sumbernya,Testing,"grades, students",Menengah,Belum Dikerjakan,,"Test: export laporan menghasilkan file PDF valid dengan data yang sesuai sumbernya
Cakup skenario sukses DAN skenario gagal/edge case (validasi error, data kosong, angka negatif/nol, unauthorized access, dsb.) untuk `grades, students`. Tulis test dengan Vitest (unit/integration) dan/atau Playwright (E2E) sesuai konteksnya, jalankan test-nya, dan tunjukkan hasilnya — semua test harus lulus sebelum task ini dianggap selesai."
104,"Fase 6 - Integrasi, Keamanan, Testing & Rollout",November 2026 (Minggu 3-4) - Desember 2026,Integrasi Pihak Ketiga,Tautan WhatsApp dinamis (wa.me) untuk kontak CS di footer & halaman bantuan,Integrasi,-,Tinggi,Belum Dikerjakan,Bagian: FOOTER SECTION WITH CONTACT PERSON DETAILS,"Tautan WhatsApp dinamis (wa.me) untuk kontak CS di footer & halaman bantuan
Pastikan integrasi ini benar-benar terhubung ke data nyata dari tabel `-` di Supabase (bukan hardcode/dummy), mengikuti alur yang sudah digambarkan di prototype @prototype.html dan Software Design Description (SDD) Bimbel Grase. Setelah selesai, tunjukkan bukti data mengalir end-to-end (screenshot alur atau output test), bukan cuma klaim 'sudah terhubung'."
105,"Fase 6 - Integrasi, Keamanan, Testing & Rollout",November 2026 (Minggu 3-4) - Desember 2026,Integrasi Pihak Ketiga,"Integrasi Unsplash API untuk placeholder foto profil/thumbnail default (fallback avatar) — opsional, dengan fallback offline",Integrasi,students,Menengah,Belum Dikerjakan,,"Integrasi Unsplash API untuk placeholder foto profil/thumbnail default (fallback avatar) — opsional, dengan fallback offline
Pastikan integrasi ini benar-benar terhubung ke data nyata dari tabel `students` di Supabase (bukan hardcode/dummy), mengikuti alur yang sudah digambarkan di prototype @prototype.html dan Software Design Description (SDD) Bimbel Grase. Setelah selesai, tunjukkan bukti data mengalir end-to-end (screenshot alur atau output test), bukan cuma klaim 'sudah terhubung'."
106,"Fase 6 - Integrasi, Keamanan, Testing & Rollout",November 2026 (Minggu 3-4) - Desember 2026,Notifikasi,Notifikasi email/in-app ke Admin saat ada bukti pembayaran baru masuk ke antrean verifikasi,Backend,students,Menengah,Belum Dikerjakan,,"Notifikasi email/in-app ke Admin saat ada bukti pembayaran baru masuk ke antrean verifikasi
Acuan struktur data: tabel/model `students` di Supabase sesuai Software Design Description (SDD) Bimbel Grase (bagian 4). Implementasikan sebagai Next.js Server Action atau Route Handler (app/api atau app/**/actions.ts), validasi input pakai Zod, dan pola error handling yang konsisten dengan modul lain yang sudah dibangun di project ini — kalau ini modul pertama, pakai konvensi: Server Action + Zod schema + Supabase client server-side (bukan client-side langsung untuk operasi sensitif). Sambungkan ke data asli dari Supabase, bukan data dummy/mock/in-memory. Setelah selesai, tulis test (Vitest untuk unit, atau Playwright untuk alur end-to-end) mencakup skenario sukses dan skenario gagal/validasi error, jalankan test-nya, dan tunjukkan hasilnya."
107,"Fase 6 - Integrasi, Keamanan, Testing & Rollout",November 2026 (Minggu 3-4) - Desember 2026,Notifikasi,Notifikasi email/in-app ke Orang Tua saat pembayaran disetujui (paywall terbuka),Backend,students,Menengah,Belum Dikerjakan,,"Notifikasi email/in-app ke Orang Tua saat pembayaran disetujui (paywall terbuka)
Acuan struktur data: tabel/model `students` di Supabase sesuai Software Design Description (SDD) Bimbel Grase (bagian 4). Implementasikan sebagai Next.js Server Action atau Route Handler (app/api atau app/**/actions.ts), validasi input pakai Zod, dan pola error handling yang konsisten dengan modul lain yang sudah dibangun di project ini — kalau ini modul pertama, pakai konvensi: Server Action + Zod schema + Supabase client server-side (bukan client-side langsung untuk operasi sensitif). Sambungkan ke data asli dari Supabase, bukan data dummy/mock/in-memory. Setelah selesai, tulis test (Vitest untuk unit, atau Playwright untuk alur end-to-end) mencakup skenario sukses dan skenario gagal/validasi error, jalankan test-nya, dan tunjukkan hasilnya."
108,"Fase 6 - Integrasi, Keamanan, Testing & Rollout",November 2026 (Minggu 3-4) - Desember 2026,Responsif & UX,Implementasi Bottom Navigation / Mobile Menu responsif untuk perangkat smartphone (NFR-USE-001),UI,-,Wajib,Belum Dikerjakan,,"Implementasi Bottom Navigation / Mobile Menu responsif untuk perangkat smartphone (NFR-USE-001)
Acuan tampilan & alur: tiru layout, komponen, dan interaksi yang sudah ada di prototype @prototype.html (bagian terkait: Responsif & UX) — jangan desain ulang dari nol. Gunakan Next.js App Router (React Server Components untuk fetch data + Client Component untuk interaktivitas), styling Tailwind CSS. Warna, tipografi (Quicksand untuk judul, Nunito Sans untuk bodi/form), dan ikon (Material Symbols Outlined) ikuti Software Design Description (SDD) Bimbel Grase bagian 7 (Primary #006a6a, Secondary #feb700/#7c5800, Surface #f4fbfa, Error #ba1a1a, Success #059669). Sambungkan ke data asli dari tabel `-` di Supabase, bukan data dummy/hardcode. Setelah selesai, ambil screenshot hasilnya, bandingkan dengan tampilan prototype yang sama, dan sebutkan perbedaannya kalau ada."
109,"Fase 6 - Integrasi, Keamanan, Testing & Rollout",November 2026 (Minggu 3-4) - Desember 2026,Responsif & UX,"Uji tampilan responsif di breakpoint Desktop, Tablet, dan Smartphone untuk seluruh halaman utama",Testing,-,Tinggi,Belum Dikerjakan,,"Uji tampilan responsif di breakpoint Desktop, Tablet, dan Smartphone untuk seluruh halaman utama
Cakup skenario sukses DAN skenario gagal/edge case (validasi error, data kosong, angka negatif/nol, unauthorized access, dsb.) untuk `-`. Tulis test dengan Vitest (unit/integration) dan/atau Playwright (E2E) sesuai konteksnya, jalankan test-nya, dan tunjukkan hasilnya — semua test harus lulus sebelum task ini dianggap selesai."
110,"Fase 6 - Integrasi, Keamanan, Testing & Rollout",November 2026 (Minggu 3-4) - Desember 2026,Keamanan,Security review menyeluruh: audit seluruh RLS policy Supabase memastikan data WA & riwayat bayar hanya diakses admin/pemilik data,Kepatuhan,"profiles, students",Wajib,Belum Dikerjakan,,"Security review menyeluruh: audit seluruh RLS policy Supabase memastikan data WA & riwayat bayar hanya diakses admin/pemilik data
Ini review kepatuhan (keamanan data + regulasi), bukan murni coding. Minta AI coding agent bantu bagian teknisnya: grep seluruh codebase untuk titik-titik yang menyimpan/menampilkan data dari tabel `profiles, students` (nomor WA, riwayat bayar, foto anak, dsb.), audit RLS policy terkait, lalu buat daftar semua titik itu (file + baris) supaya bisa direview kepatuhannya (UU PDP) secara manual — keputusan kepatuhan akhir tetap keputusan Anda, bukan AI."
111,"Fase 6 - Integrasi, Keamanan, Testing & Rollout",November 2026 (Minggu 3-4) - Desember 2026,Keamanan,"Review validasi MIME type & ukuran file upload (image/pdf) dilakukan di server-side, bukan hanya client-side (NFR-SEC-001)",Kepatuhan,"students, submissions",Wajib,Belum Dikerjakan,,"Review validasi MIME type & ukuran file upload (image/pdf) dilakukan di server-side, bukan hanya client-side (NFR-SEC-001)
Ini review kepatuhan (keamanan data + regulasi), bukan murni coding. Minta AI coding agent bantu bagian teknisnya: grep seluruh codebase untuk titik-titik yang menyimpan/menampilkan data dari tabel `students, submissions` (nomor WA, riwayat bayar, foto anak, dsb.), audit RLS policy terkait, lalu buat daftar semua titik itu (file + baris) supaya bisa direview kepatuhannya (UU PDP) secara manual — keputusan kepatuhan akhir tetap keputusan Anda, bukan AI."
112,"Fase 6 - Integrasi, Keamanan, Testing & Rollout",November 2026 (Minggu 3-4) - Desember 2026,Keamanan,Test: percobaan akses Server Action/Route Handler tanpa sesi login atau dengan role salah harus ditolak (401/403),Testing,-,Wajib,Belum Dikerjakan,,"Test: percobaan akses Server Action/Route Handler tanpa sesi login atau dengan role salah harus ditolak (401/403)
Cakup skenario sukses DAN skenario gagal/edge case (validasi error, data kosong, angka negatif/nol, unauthorized access, dsb.) untuk `-`. Tulis test dengan Vitest (unit/integration) dan/atau Playwright (E2E) sesuai konteksnya, jalankan test-nya, dan tunjukkan hasilnya — semua test harus lulus sebelum task ini dianggap selesai."
113,"Fase 6 - Integrasi, Keamanan, Testing & Rollout",November 2026 (Minggu 3-4) - Desember 2026,Keamanan,"Review kepatuhan UU Perlindungan Data Pribadi (PDP) untuk data orang tua & siswa (nomor WA, foto anak, riwayat bayar)",Kepatuhan,"profiles, students",Tinggi,Belum Dikerjakan,,"Review kepatuhan UU Perlindungan Data Pribadi (PDP) untuk data orang tua & siswa (nomor WA, foto anak, riwayat bayar)
Ini review kepatuhan (keamanan data + regulasi), bukan murni coding. Minta AI coding agent bantu bagian teknisnya: grep seluruh codebase untuk titik-titik yang menyimpan/menampilkan data dari tabel `profiles, students` (nomor WA, riwayat bayar, foto anak, dsb.), audit RLS policy terkait, lalu buat daftar semua titik itu (file + baris) supaya bisa direview kepatuhannya (UU PDP) secara manual — keputusan kepatuhan akhir tetap keputusan Anda, bukan AI."
114,"Fase 6 - Integrasi, Keamanan, Testing & Rollout",November 2026 (Minggu 3-4) - Desember 2026,Performa & Stabilisasi,Load testing dasar (concurrent users sesuai estimasi jumlah siswa aktif Bimbel Grase),Testing,-,Menengah,Belum Dikerjakan,,"Load testing dasar (concurrent users sesuai estimasi jumlah siswa aktif Bimbel Grase)
Cakup skenario sukses DAN skenario gagal/edge case (validasi error, data kosong, angka negatif/nol, unauthorized access, dsb.) untuk `-`. Tulis test dengan Vitest (unit/integration) dan/atau Playwright (E2E) sesuai konteksnya, jalankan test-nya, dan tunjukkan hasilnya — semua test harus lulus sebelum task ini dianggap selesai."
115,"Fase 6 - Integrasi, Keamanan, Testing & Rollout",November 2026 (Minggu 3-4) - Desember 2026,Performa & Stabilisasi,Audit performa: pastikan transisi antar-view tanpa full page reload (App Router client transitions) sesuai NFR-PER-001,Testing,-,Menengah,Belum Dikerjakan,,"Audit performa: pastikan transisi antar-view tanpa full page reload (App Router client transitions) sesuai NFR-PER-001
Cakup skenario sukses DAN skenario gagal/edge case (validasi error, data kosong, angka negatif/nol, unauthorized access, dsb.) untuk `-`. Tulis test dengan Vitest (unit/integration) dan/atau Playwright (E2E) sesuai konteksnya, jalankan test-nya, dan tunjukkan hasilnya — semua test harus lulus sebelum task ini dianggap selesai."
116,"Fase 6 - Integrasi, Keamanan, Testing & Rollout",November 2026 (Minggu 3-4) - Desember 2026,UAT & Rollout,"UAT per role (Orang Tua, Admin Pusat, Pengajar/Tutor) — kumpulkan feedback sebelum go-live",Testing,-,Wajib,Belum Dikerjakan,,"UAT per role (Orang Tua, Admin Pusat, Pengajar/Tutor) — kumpulkan feedback sebelum go-live
Cakup skenario sukses DAN skenario gagal/edge case (validasi error, data kosong, angka negatif/nol, unauthorized access, dsb.) untuk `-`. Tulis test dengan Vitest (unit/integration) dan/atau Playwright (E2E) sesuai konteksnya, jalankan test-nya, dan tunjukkan hasilnya — semua test harus lulus sebelum task ini dianggap selesai."
117,"Fase 6 - Integrasi, Keamanan, Testing & Rollout",November 2026 (Minggu 3-4) - Desember 2026,UAT & Rollout,Setup custom domain resmi Bimbel Grase di Vercel + SSL otomatis (Let's Encrypt via Vercel),Rollout,-,Wajib,Belum Dikerjakan,,"Setup custom domain resmi Bimbel Grase di Vercel + SSL otomatis (Let's Encrypt via Vercel)
Ini langkah go-live/rollout — kombinasi setup manual (domain, DNS, training, dsb.) dan verifikasi teknis. Kalau ada bagian yang bisa diperiksa lewat command/script (mis. cek build production, cek env var di Vercel, smoke test endpoint), minta AI coding agent jalankan dan tunjukkan hasilnya sebagai bukti; bagian yang murni administratif (domain, pelatihan tatap muka, dsb.) tetap perlu dikerjakan manual."
118,"Fase 6 - Integrasi, Keamanan, Testing & Rollout",November 2026 (Minggu 3-4) - Desember 2026,UAT & Rollout,Migrasi data riil siswa/program aktif (dari rekap WhatsApp/manual existing) — pilot dengan 1 kelas dulu sebelum semua kelas,Rollout,"students, programs",Wajib,Belum Dikerjakan,,"Migrasi data riil siswa/program aktif (dari rekap WhatsApp/manual existing) — pilot dengan 1 kelas dulu sebelum semua kelas
Ini langkah go-live/rollout — kombinasi setup manual (domain, DNS, training, dsb.) dan verifikasi teknis. Kalau ada bagian yang bisa diperiksa lewat command/script (mis. cek build production, cek env var di Vercel, smoke test endpoint), minta AI coding agent jalankan dan tunjukkan hasilnya sebagai bukti; bagian yang murni administratif (domain, pelatihan tatap muka, dsb.) tetap perlu dikerjakan manual."
119,"Fase 6 - Integrasi, Keamanan, Testing & Rollout",November 2026 (Minggu 3-4) - Desember 2026,UAT & Rollout,Pelatihan penggunaan aplikasi untuk Admin Pusat & Pengajar dengan SOP tertulis,Rollout,-,Wajib,Belum Dikerjakan,,"Pelatihan penggunaan aplikasi untuk Admin Pusat & Pengajar dengan SOP tertulis
Ini langkah go-live/rollout — kombinasi setup manual (domain, DNS, training, dsb.) dan verifikasi teknis. Kalau ada bagian yang bisa diperiksa lewat command/script (mis. cek build production, cek env var di Vercel, smoke test endpoint), minta AI coding agent jalankan dan tunjukkan hasilnya sebagai bukti; bagian yang murni administratif (domain, pelatihan tatap muka, dsb.) tetap perlu dikerjakan manual."
120,"Fase 6 - Integrasi, Keamanan, Testing & Rollout",November 2026 (Minggu 3-4) - Desember 2026,UAT & Rollout,Go-live aplikasi + masa dukungan intensif (periode bug-fixing pasca peluncuran),Rollout,-,Wajib,Belum Dikerjakan,,"Go-live aplikasi + masa dukungan intensif (periode bug-fixing pasca peluncuran)
Ini langkah go-live/rollout — kombinasi setup manual (domain, DNS, training, dsb.) dan verifikasi teknis. Kalau ada bagian yang bisa diperiksa lewat command/script (mis. cek build production, cek env var di Vercel, smoke test endpoint), minta AI coding agent jalankan dan tunjukkan hasilnya sebagai bukti; bagian yang murni administratif (domain, pelatihan tatap muka, dsb.) tetap perlu dikerjakan manual."
121,"Fase 6 - Integrasi, Keamanan, Testing & Rollout",November 2026 (Minggu 3-4) - Desember 2026,UAT & Rollout,"Serah terima dokumentasi teknis (README, ERD, panduan deployment Vercel/Supabase) & rencana pemeliharaan jangka panjang",Rollout,-,Tinggi,Belum Dikerjakan,,"Serah terima dokumentasi teknis (README, ERD, panduan deployment Vercel/Supabase) & rencana pemeliharaan jangka panjang
Ini langkah go-live/rollout — kombinasi setup manual (domain, DNS, training, dsb.) dan verifikasi teknis. Kalau ada bagian yang bisa diperiksa lewat command/script (mis. cek build production, cek env var di Vercel, smoke test endpoint), minta AI coding agent jalankan dan tunjukkan hasilnya sebagai bukti; bagian yang murni administratif (domain, pelatihan tatap muka, dsb.) tetap perlu dikerjakan manual."
